Vestiging,lvl3,lvl4,Jaar-maand,Realisatie,Budget
0.0,lvl3_dummy_1,lvl4_dummy_1,2025-10-01,93000.3,79731.37
0.0,lvl3_dummy_1,lvl4_dummy_1,2025-11-01,88776.5,79731.37
0.0,lvl3_dummy_1,lvl4_dummy_1,2025-12-01,90687.96,79735.94
0.0,lvl3_dummy_1,lvl4_dummy_2,2025-10-01,6831.7,0.0
0.0,lvl3_dummy_1,lvl4_dummy_3,2025-10-01,933.63,2494.84
0.0,lvl3_dummy_1,lvl4_dummy_3,2025-11-01,2986.08,2494.84
0.0,lvl3_dummy_1,lvl4_dummy_3,2025-12-01,3181.12,2494.84
0.92,lvl3_dummy_1,lvl4_dummy_1,2025-10-01,35198.33,29938.86
0.92,lvl3_dummy_1,lvl4_dummy_1,2025-11-01,33757.52,29938.86
0.92,lvl3_dummy_1,lvl4_dummy_1,2025-12-01,33972.75,29928.53
0.92,lvl3_dummy_1,lvl4_dummy_2,2025-10-01,925.15,0.0
0.92,lvl3_dummy_1,lvl4_dummy_3,2025-10-01,-1412.36,644.5
0.92,lvl3_dummy_1,lvl4_dummy_3,2025-11-01,2485.92,644.5
0.92,lvl3_dummy_1,lvl4_dummy_3,2025-12-01,3857.35,644.5
1.85,lvl3_dummy_1,lvl4_dummy_1,2025-10-01,92265.58,78388.43
1.85,lvl3_dummy_1,lvl4_dummy_1,2025-11-01,88758.84,78388.43
1.85,lvl3_dummy_1,lvl4_dummy_1,2025-12-01,89035.64,78389.43
1.85,lvl3_dummy_1,lvl4_dummy_2,2025-10-01,2382.11,0.0
1.85,lvl3_dummy_1,lvl4_dummy_3,2025-10-01,4066.19,2755.72
1.85,lvl3_dummy_1,lvl4_dummy_3,2025-11-01,3830.02,2755.72
1.85,lvl3_dummy_1,lvl4_dummy_3,2025-12-01,4295.13,2760.27
2.77,lvl3_dummy_1,lvl4_dummy_1,2025-10-01,107875.34,101371.32
2.77,lvl3_dummy_1,lvl4_dummy_1,2025-11-01,107181.16,101371.32
2.77,lvl3_dummy_1,lvl4_dummy_1,2025-12-01,103502.2,101374.85
2.77,lvl3_dummy_1,lvl4_dummy_2,2025-10-01,6077.85,0.0
2.77,lvl3_dummy_1,lvl4_dummy_3,2025-10-01,6309.67,3857.6
2.77,lvl3_dummy_1,lvl4_dummy_3,2025-11-01,5071.79,3857.6
2.77,lvl3_dummy_1,lvl4_dummy_3,2025-12-01,4941.57,3862.16
3.7,lvl3_dummy_1,lvl4_dummy_1,2025-10-01,90660.05,77725.78
3.7,lvl3_dummy_1,lvl4_dummy_1,2025-11-01,83732.61,77725.78
3.7,lvl3_dummy_1,lvl4_dummy_1,2025-12-01,86144.23,77715.4
3.7,lvl3_dummy_1,lvl4_dummy_2,2025-10-01,7125.76,12514.07
3.7,lvl3_dummy_1,lvl4_dummy_2,2025-11-01,8913.46,12514.07
3.7,lvl3_dummy_1,lvl4_dummy_2,2025-12-01,9758.53,12522.05
3.7,lvl3_dummy_1,lvl4_dummy_3,2025-10-01,3182.22,2827.49
3.7,lvl3_dummy_1,lvl4_dummy_3,2025-11-01,3192.32,2827.49
3.7,lvl3_dummy_1,lvl4_dummy_3,2025-12-01,3064.81,2827.49
4.62,lvl3_dummy_1,lvl4_dummy_1,2025-10-01,88334.1,71561.09
4.62,lvl3_dummy_1,lvl4_dummy_1,2025-11-01,88402.51,71561.09
4.62,lvl3_dummy_1,lvl4_dummy_1,2025-12-01,89764.49,71577.04
4.62,lvl3_dummy_1,lvl4_dummy_3,2025-10-01,3800.33,2411.68
4.62,lvl3_dummy_1,lvl4_dummy_3,2025-11-01,3993.81,2411.68
4.62,lvl3_dummy_1,lvl4_dummy_3,2025-12-01,3327.56,2411.68
5.55,lvl3_dummy_1,lvl4_dummy_1,2025-10-01,56261.34,50071.79
5.55,lvl3_dummy_1,lvl4_dummy_1,2025-11-01,56223.32,50071.79
5.55,lvl3_dummy_1,lvl4_dummy_1,2025-12-01,60427.17,50054.66
5.55,lvl3_dummy_1,lvl4_dummy_3,2025-10-01,1516.05,1143.47
5.55,lvl3_dummy_1,lvl4_dummy_3,2025-11-01,1815.08,1143.47
5.55,lvl3_dummy_1,lvl4_dummy_3,2025-12-01,3481.01,1143.47
6.47,lvl3_dummy_1,lvl4_dummy_1,2025-10-01,98607.53,90823.61
6.47,lvl3_dummy_1,lvl4_dummy_1,2025-11-01,98954.85,90823.61
6.47,lvl3_dummy_1,lvl4_dummy_1,2025-12-01,106579.62,91070.82
6.47,lvl3_dummy_1,lvl4_dummy_3,2025-10-01,6517.52,3347.24
6.47,lvl3_dummy_1,lvl4_dummy_3,2025-11-01,3911.88,3347.24
6.47,lvl3_dummy_1,lvl4_dummy_3,2025-12-01,6315.89,3347.24
7.4,lvl3_dummy_1,lvl4_dummy_1,2025-10-01,18929.04,7531.27
7.4,lvl3_dummy_1,lvl4_dummy_1,2025-11-01,20260.09,7531.27
7.4,lvl3_dummy_1,lvl4_dummy_1,2025-12-01,25799.85,7524.48
7.4,lvl3_dummy_1,lvl4_dummy_3,2025-10-01,7648.59,0.0
7.4,lvl3_dummy_1,lvl4_dummy_3,2025-11-01,9762.14,0.0
7.4,lvl3_dummy_1,lvl4_dummy_3,2025-12-01,6054.0,0.0
8.32,lvl3_dummy_1,lvl4_dummy_1,2025-10-01,54720.91,47970.91
8.32,lvl3_dummy_1,lvl4_dummy_1,2025-11-01,56981.01,47970.91
8.32,lvl3_dummy_1,lvl4_dummy_1,2025-12-01,57135.61,47967.49
8.32,lvl3_dummy_1,lvl4_dummy_3,2025-10-01,1494.84,1101.89
8.32,lvl3_dummy_1,lvl4_dummy_3,2025-11-01,1610.87,1101.89
8.32,lvl3_dummy_1,lvl4_dummy_3,2025-12-01,4080.3,1101.89
9.25,lvl3_dummy_1,lvl4_dummy_1,2025-10-01,86003.0,78756.07
9.25,lvl3_dummy_1,lvl4_dummy_1,2025-11-01,90743.07,78756.07
9.25,lvl3_dummy_1,lvl4_dummy_1,2025-12-01,90087.53,78766.7
9.25,lvl3_dummy_1,lvl4_dummy_2,2025-10-01,924.35,0.0
9.25,lvl3_dummy_1,lvl4_dummy_3,2025-10-01,1297.83,2785.9
9.25,lvl3_dummy_1,lvl4_dummy_3,2025-11-01,2759.43,2785.9
9.25,lvl3_dummy_1,lvl4_dummy_3,2025-12-01,3436.46,2785.9
10.17,lvl3_dummy_1,lvl4_dummy_1,2025-10-01,237606.14,217096.86
10.17,lvl3_dummy_1,lvl4_dummy_1,2025-11-01,238964.83,217096.86
10.17,lvl3_dummy_1,lvl4_dummy_1,2025-12-01,235087.4,217104.71
10.17,lvl3_dummy_1,lvl4_dummy_2,2025-10-01,5206.53,529.73
10.17,lvl3_dummy_1,lvl4_dummy_2,2025-11-01,6472.59,529.73
10.17,lvl3_dummy_1,lvl4_dummy_2,2025-12-01,11614.83,525.17
10.17,lvl3_dummy_1,lvl4_dummy_3,2025-10-01,9776.42,8639.38
10.17,lvl3_dummy_1,lvl4_dummy_3,2025-11-01,9473.58,8639.38
10.17,lvl3_dummy_1,lvl4_dummy_3,2025-12-01,8303.55,8643.94
11.1,lvl3_dummy_1,lvl4_dummy_1,2025-10-01,4653.4,249.17
11.1,lvl3_dummy_1,lvl4_dummy_1,2025-11-01,6380.29,249.17
11.1,lvl3_dummy_1,lvl4_dummy_1,2025-12-01,10381.25,249.12
11.1,lvl3_dummy_1,lvl4_dummy_3,2025-10-01,936.78,0.0
11.1,lvl3_dummy_1,lvl4_dummy_3,2025-11-01,3345.81,0.0
11.1,lvl3_dummy_1,lvl4_dummy_3,2025-12-01,1651.98,0.0
12.02,lvl3_dummy_1,lvl4_dummy_1,2025-10-01,236084.43,191758.92
12.02,lvl3_dummy_1,lvl4_dummy_1,2025-11-01,229132.43,191758.92
12.02,lvl3_dummy_1,lvl4_dummy_1,2025-12-01,222460.44,191746.48
12.02,lvl3_dummy_1,lvl4_dummy_2,2025-10-01,17375.39,3455.18
12.02,lvl3_dummy_1,lvl4_dummy_2,2025-11-01,21165.75,3455.18
12.02,lvl3_dummy_1,lvl4_dummy_2,2025-12-01,29337.47,3455.18
12.02,lvl3_dummy_1,lvl4_dummy_3,2025-10-01,8236.32,7495.91
12.02,lvl3_dummy_1,lvl4_dummy_3,2025-11-01,6055.67,7495.91
12.02,lvl3_dummy_1,lvl4_dummy_3,2025-12-01,9938.87,7500.47
12.95,lvl3_dummy_1,lvl4_dummy_1,2025-10-01,281987.94,256719.32
12.95,lvl3_dummy_1,lvl4_dummy_1,2025-11-01,285693.19,256719.32
12.95,lvl3_dummy_1,lvl4_dummy_1,2025-12-01,282338.86,256715.85
12.95,lvl3_dummy_1,lvl4_dummy_2,2025-10-01,5772.28,0.0
12.95,lvl3_dummy_1,lvl4_dummy_3,2025-10-01,11879.79,10406.56
12.95,lvl3_dummy_1,lvl4_dummy_3,2025-11-01,14345.28,10406.56
12.95,lvl3_dummy_1,lvl4_dummy_3,2025-12-01,14090.18,10411.12
13.87,lvl3_dummy_1,lvl4_dummy_1,2025-10-01,178033.01,170173.15
13.87,lvl3_dummy_1,lvl4_dummy_1,2025-11-01,188173.52,170173.15
13.87,lvl3_dummy_1,lvl4_dummy_1,2025-12-01,186998.41,159923.66
13.87,lvl3_dummy_1,lvl4_dummy_2,2025-10-01,10449.26,0.0
13.87,lvl3_dummy_1,lvl4_dummy_3,2025-10-01,9230.64,6736.07
13.87,lvl3_dummy_1,lvl4_dummy_3,2025-11-01,9300.25,6736.07
13.87,lvl3_dummy_1,lvl4_dummy_3,2025-12-01,9122.57,6736.07
14.8,lvl3_dummy_1,lvl4_dummy_1,2025-10-01,-47243.29,0.0
14.8,lvl3_dummy_1,lvl4_dummy_1,2025-11-01,-22695.97,0.0
14.8,lvl3_dummy_1,lvl4_dummy_1,2025-12-01,-29054.46,0.0
14.8,lvl3_dummy_1,lvl4_dummy_3,2025-10-01,165.62,0.0
14.8,lvl3_dummy_1,lvl4_dummy_3,2025-11-01,705.08,0.0
14.8,lvl3_dummy_1,lvl4_dummy_3,2025-12-01,590.36,0.0
15.72,lvl3_dummy_1,lvl4_dummy_1,2025-10-01,2311728.15,22618.74
15.72,lvl3_dummy_1,lvl4_dummy_1,2025-11-01,2244321.03,22618.74
15.72,lvl3_dummy_1,lvl4_dummy_1,2025-12-01,2272781.13,22618.74
15.72,lvl3_dummy_1,lvl4_dummy_2,2025-10-01,24414.25,0.0
15.72,lvl3_dummy_1,lvl4_dummy_2,2025-11-01,28949.79,0.0
15.72,lvl3_dummy_1,lvl4_dummy_2,2025-12-01,45651.15,0.0
15.72,lvl3_dummy_1,lvl4_dummy_3,2025-10-01,0.0,0.0
15.72,lvl3_dummy_1,lvl4_dummy_3,2025-11-01,5877.78,0.0
15.72,lvl3_dummy_1,lvl4_dummy_3,2025-12-01,10363.33,0.0
17.57,lvl3_dummy_1,lvl4_dummy_1,2025-10-01,6013.81,0.0
17.57,lvl3_dummy_1,lvl4_dummy_1,2025-11-01,7385.1,0.0
17.57,lvl3_dummy_1,lvl4_dummy_1,2025-12-01,2395.68,0.0
17.57,lvl3_dummy_1,lvl4_dummy_3,2025-10-01,4764.27,0.0
17.57,lvl3_dummy_1,lvl4_dummy_3,2025-11-01,8150.97,0.0
17.57,lvl3_dummy_1,lvl4_dummy_3,2025-12-01,7915.27,0.0
19.42,lvl3_dummy_1,lvl4_dummy_1,2025-10-01,-1684530.23,366084.08
19.42,lvl3_dummy_1,lvl4_dummy_1,2025-11-01,-1604051.37,366084.08
19.42,lvl3_dummy_1,lvl4_dummy_1,2025-12-01,-1630782.13,365793.7
19.42,lvl3_dummy_1,lvl4_dummy_2,2025-10-01,1667.2,13613.08
19.42,lvl3_dummy_1,lvl4_dummy_2,2025-11-01,3808.16,13613.08
19.42,lvl3_dummy_1,lvl4_dummy_2,2025-12-01,4825.66,13613.08
19.42,lvl3_dummy_1,lvl4_dummy_3,2025-10-01,80.26,0.0
19.42,lvl3_dummy_1,lvl4_dummy_3,2025-11-01,593.6,0.0
19.42,lvl3_dummy_1,lvl4_dummy_3,2025-12-01,1975.01,0.0
20.34,lvl3_dummy_1,lvl4_dummy_1,2025-10-01,9741.5,5130.84
20.34,lvl3_dummy_1,lvl4_dummy_1,2025-11-01,7984.31,5130.84
20.34,lvl3_dummy_1,lvl4_dummy_1,2025-12-01,8533.28,5125.15
20.34,lvl3_dummy_1,lvl4_dummy_3,2025-10-01,21.03,0.0
20.34,lvl3_dummy_1,lvl4_dummy_3,2025-11-01,215.51,0.0
20.34,lvl3_dummy_1,lvl4_dummy_3,2025-12-01,297.47,0.0
21.27,lvl3_dummy_1,lvl4_dummy_1,2025-10-01,-2549.13,0.0
21.27,lvl3_dummy_1,lvl4_dummy_1,2025-11-01,-650.49,0.0
21.27,lvl3_dummy_1,lvl4_dummy_1,2025-12-01,914.63,0.0
21.27,lvl3_dummy_1,lvl4_dummy_3,2025-10-01,67478.59,50202.91
21.27,lvl3_dummy_1,lvl4_dummy_3,2025-11-01,70437.08,50202.91
21.27,lvl3_dummy_1,lvl4_dummy_3,2025-12-01,81395.92,50207.47
22.19,lvl3_dummy_1,lvl4_dummy_1,2025-10-01,19467.85,13916.99
22.19,lvl3_dummy_1,lvl4_dummy_1,2025-11-01,21085.53,13916.99
22.19,lvl3_dummy_1,lvl4_dummy_1,2025-12-01,20400.77,13996.74
22.19,lvl3_dummy_1,lvl4_dummy_2,2025-10-01,67356.19,46887.66
22.19,lvl3_dummy_1,lvl4_dummy_2,2025-11-01,27328.52,46887.66
22.19,lvl3_dummy_1,lvl4_dummy_2,2025-12-01,77752.99,46887.66
22.19,lvl3_dummy_1,lvl4_dummy_3,2025-10-01,1128.5,395.02
22.19,lvl3_dummy_1,lvl4_dummy_3,2025-11-01,3576.58,395.02
22.19,lvl3_dummy_1,lvl4_dummy_3,2025-12-01,2394.28,395.02
2.77,lvl3_dummy_2,lvl4_dummy_4,2025-10-01,254.13,133.29
2.77,lvl3_dummy_2,lvl4_dummy_4,2025-11-01,254.13,133.29
2.77,lvl3_dummy_2,lvl4_dummy_4,2025-12-01,254.13,128.73
4.62,lvl3_dummy_2,lvl4_dummy_4,2025-10-01,254.13,170.88
4.62,lvl3_dummy_2,lvl4_dummy_4,2025-11-01,254.13,170.88
4.62,lvl3_dummy_2,lvl4_dummy_4,2025-12-01,254.13,170.88
9.25,lvl3_dummy_2,lvl4_dummy_4,2025-10-01,254.13,151.51
9.25,lvl3_dummy_2,lvl4_dummy_4,2025-11-01,254.13,151.51
9.25,lvl3_dummy_2,lvl4_dummy_4,2025-12-01,254.13,156.07
10.17,lvl3_dummy_2,lvl4_dummy_5,2025-10-01,3736.28,379.35
10.17,lvl3_dummy_2,lvl4_dummy_5,2025-11-01,5148.88,379.35
10.17,lvl3_dummy_2,lvl4_dummy_5,2025-12-01,-606.15,383.91
10.17,lvl3_dummy_2,lvl4_dummy_4,2025-10-01,254.13,284.8
10.17,lvl3_dummy_2,lvl4_dummy_4,2025-11-01,254.13,284.8
10.17,lvl3_dummy_2,lvl4_dummy_4,2025-12-01,3736.28,284.8
12.02,lvl3_dummy_2,lvl4_dummy_4,2025-10-01,254.13,208.47
12.02,lvl3_dummy_2,lvl4_dummy_4,2025-11-01,254.13,208.47
12.02,lvl3_dummy_2,lvl4_dummy_4,2025-12-01,254.13,213.03
12.95,lvl3_dummy_2,lvl4_dummy_4,2025-10-01,254.13,484.16
12.95,lvl3_dummy_2,lvl4_dummy_4,2025-11-01,254.13,484.16
12.95,lvl3_dummy_2,lvl4_dummy_4,2025-12-01,254.13,484.16
13.87,lvl3_dummy_2,lvl4_dummy_5,2025-10-01,2670.36,0.0
14.8,lvl3_dummy_2,lvl4_dummy_5,2025-10-01,0.0,6740.62
14.8,lvl3_dummy_2,lvl4_dummy_5,2025-11-01,3.06,6740.62
14.8,lvl3_dummy_2,lvl4_dummy_5,2025-12-01,3.06,6736.07
14.8,lvl3_dummy_2,lvl4_dummy_4,2025-10-01,3.06,13613.4
14.8,lvl3_dummy_2,lvl4_dummy_4,2025-11-01,3.06,13613.4
14.8,lvl3_dummy_2,lvl4_dummy_4,2025-12-01,3.06,13609.98
15.72,lvl3_dummy_2,lvl4_dummy_5,2025-10-01,68984.98,3038.24
15.72,lvl3_dummy_2,lvl4_dummy_5,2025-11-01,-1978.11,3038.24
15.72,lvl3_dummy_2,lvl4_dummy_5,2025-12-01,68984.98,3033.68
22.19,lvl3_dummy_2,lvl4_dummy_5,2025-10-01,3.06,3796.94
22.19,lvl3_dummy_2,lvl4_dummy_5,2025-11-01,0.0,3796.94
22.19,lvl3_dummy_2,lvl4_dummy_5,2025-12-01,3.06,3801.5
0.0,lvl3_dummy_3,lvl4_dummy_6,2025-10-01,193.52,1271.34
0.0,lvl3_dummy_3,lvl4_dummy_6,2025-11-01,523.18,1271.34
0.0,lvl3_dummy_3,lvl4_dummy_6,2025-12-01,5630.06,1269.06
0.0,lvl3_dummy_3,lvl4_dummy_7,2025-10-01,162.45,1018.44
0.0,lvl3_dummy_3,lvl4_dummy_7,2025-11-01,772.11,1018.44
0.0,lvl3_dummy_3,lvl4_dummy_7,2025-12-01,4082.39,1017.3
0.0,lvl3_dummy_3,lvl4_dummy_8,2025-10-01,85.11,497.83
0.0,lvl3_dummy_3,lvl4_dummy_8,2025-11-01,402.72,497.83
0.0,lvl3_dummy_3,lvl4_dummy_8,2025-12-01,3876.29,501.25
0.92,lvl3_dummy_3,lvl4_dummy_6,2025-10-01,102.59,102.53
0.92,lvl3_dummy_3,lvl4_dummy_6,2025-11-01,109.17,102.53
0.92,lvl3_dummy_3,lvl4_dummy_6,2025-12-01,1370.44,100.25
0.92,lvl3_dummy_3,lvl4_dummy_7,2025-10-01,352.56,158.35
0.92,lvl3_dummy_3,lvl4_dummy_7,2025-11-01,277.49,158.35
0.92,lvl3_dummy_3,lvl4_dummy_7,2025-12-01,1335.08,158.35
0.92,lvl3_dummy_3,lvl4_dummy_8,2025-10-01,215.7,497.83
0.92,lvl3_dummy_3,lvl4_dummy_8,2025-11-01,161.41,497.83
0.92,lvl3_dummy_3,lvl4_dummy_8,2025-12-01,1735.42,501.25
1.85,lvl3_dummy_3,lvl4_dummy_6,2025-10-01,50.85,226.7
1.85,lvl3_dummy_3,lvl4_dummy_6,2025-11-01,192.72,226.7
1.85,lvl3_dummy_3,lvl4_dummy_6,2025-12-01,1879.9,226.7
1.85,lvl3_dummy_3,lvl4_dummy_7,2025-10-01,53.46,197.08
1.85,lvl3_dummy_3,lvl4_dummy_7,2025-11-01,500.27,197.08
1.85,lvl3_dummy_3,lvl4_dummy_7,2025-12-01,2424.86,198.22
1.85,lvl3_dummy_3,lvl4_dummy_8,2025-10-01,221.9,996.8
1.85,lvl3_dummy_3,lvl4_dummy_8,2025-11-01,201.98,996.8
1.85,lvl3_dummy_3,lvl4_dummy_8,2025-12-01,4873.45,991.1
2.77,lvl3_dummy_3,lvl4_dummy_7,2025-10-01,217.72,344.04
2.77,lvl3_dummy_3,lvl4_dummy_7,2025-11-01,174.21,344.04
2.77,lvl3_dummy_3,lvl4_dummy_7,2025-12-01,2656.8,347.45
2.77,lvl3_dummy_3,lvl4_dummy_8,2025-10-01,183.18,996.8
2.77,lvl3_dummy_3,lvl4_dummy_8,2025-11-01,561.3,996.8
2.77,lvl3_dummy_3,lvl4_dummy_8,2025-12-01,3486.8,991.1
3.7,lvl3_dummy_3,lvl4_dummy_6,2025-10-01,130.15,861.23
3.7,lvl3_dummy_3,lvl4_dummy_6,2025-11-01,289.01,861.23
3.7,lvl3_dummy_3,lvl4_dummy_6,2025-12-01,3880.87,866.93
3.7,lvl3_dummy_3,lvl4_dummy_7,2025-10-01,74.65,647.06
3.7,lvl3_dummy_3,lvl4_dummy_7,2025-11-01,131.29,647.06
3.7,lvl3_dummy_3,lvl4_dummy_7,2025-12-01,3099.57,643.65
3.7,lvl3_dummy_3,lvl4_dummy_8,2025-10-01,754.08,996.8
3.7,lvl3_dummy_3,lvl4_dummy_8,2025-11-01,414.34,996.8
3.7,lvl3_dummy_3,lvl4_dummy_8,2025-12-01,4888.52,991.1
4.62,lvl3_dummy_3,lvl4_dummy_6,2025-10-01,124.27,47.85
4.62,lvl3_dummy_3,lvl4_dummy_6,2025-11-01,451.24,47.85
4.62,lvl3_dummy_3,lvl4_dummy_6,2025-12-01,2510.84,43.29
5.55,lvl3_dummy_3,lvl4_dummy_6,2025-10-01,241.02,989.96
5.55,lvl3_dummy_3,lvl4_dummy_6,2025-11-01,245.99,989.96
5.55,lvl3_dummy_3,lvl4_dummy_6,2025-12-01,5351.77,992.24
5.55,lvl3_dummy_3,lvl4_dummy_7,2025-10-01,109.12,857.81
5.55,lvl3_dummy_3,lvl4_dummy_7,2025-11-01,352.95,857.81
5.55,lvl3_dummy_3,lvl4_dummy_7,2025-12-01,4670.89,852.12
5.55,lvl3_dummy_3,lvl4_dummy_8,2025-10-01,208.74,996.8
5.55,lvl3_dummy_3,lvl4_dummy_8,2025-11-01,385.25,996.8
5.55,lvl3_dummy_3,lvl4_dummy_8,2025-12-01,5995.95,991.1
6.47,lvl3_dummy_3,lvl4_dummy_8,2025-10-01,2122.21,0.0
7.4,lvl3_dummy_3,lvl4_dummy_6,2025-10-01,615.31,1861.45
7.4,lvl3_dummy_3,lvl4_dummy_6,2025-11-01,732.86,1861.45
7.4,lvl3_dummy_3,lvl4_dummy_6,2025-12-01,13189.35,1870.56
9.25,lvl3_dummy_3,lvl4_dummy_6,2025-10-01,1553.45,2493.7
9.25,lvl3_dummy_3,lvl4_dummy_6,2025-11-01,848.3,2493.7
9.25,lvl3_dummy_3,lvl4_dummy_6,2025-12-01,14873.73,2489.14
9.25,lvl3_dummy_3,lvl4_dummy_7,2025-10-01,251.18,1602.85
9.25,lvl3_dummy_3,lvl4_dummy_7,2025-11-01,436.28,1602.85
9.25,lvl3_dummy_3,lvl4_dummy_7,2025-12-01,7037.34,1598.29
9.25,lvl3_dummy_3,lvl4_dummy_8,2025-10-01,603.37,996.8
9.25,lvl3_dummy_3,lvl4_dummy_8,2025-11-01,273.77,996.8
9.25,lvl3_dummy_3,lvl4_dummy_8,2025-12-01,5310.37,991.1
10.17,lvl3_dummy_3,lvl4_dummy_6,2025-10-01,1364.4,788.32
10.17,lvl3_dummy_3,lvl4_dummy_6,2025-11-01,3332.64,788.32
10.17,lvl3_dummy_3,lvl4_dummy_6,2025-12-01,4070.83,783.77
10.17,lvl3_dummy_3,lvl4_dummy_9,2025-10-01,2538.25,2085.14
10.17,lvl3_dummy_3,lvl4_dummy_9,2025-11-01,1617.79,2085.14
10.17,lvl3_dummy_3,lvl4_dummy_9,2025-12-01,10674.27,2085.14
12.02,lvl3_dummy_3,lvl4_dummy_6,2025-10-01,16335.32,8216.18
12.02,lvl3_dummy_3,lvl4_dummy_6,2025-11-01,17668.31,8216.18
12.02,lvl3_dummy_3,lvl4_dummy_6,2025-12-01,5189.15,8212.07
12.95,lvl3_dummy_3,lvl4_dummy_6,2025-10-01,2659.0,0.0
12.95,lvl3_dummy_3,lvl4_dummy_6,2025-11-01,619.55,0.0
12.95,lvl3_dummy_3,lvl4_dummy_6,2025-12-01,3465.49,0.0
12.95,lvl3_dummy_3,lvl4_dummy_9,2025-10-01,1929.21,0.0
12.95,lvl3_dummy_3,lvl4_dummy_9,2025-11-01,1223.35,0.0
12.95,lvl3_dummy_3,lvl4_dummy_9,2025-12-01,2423.07,0.0
12.95,lvl3_dummy_3,lvl4_dummy_7,2025-10-01,5091.78,0.0
13.87,lvl3_dummy_3,lvl4_dummy_6,2025-10-01,2393.7,3545.18
13.87,lvl3_dummy_3,lvl4_dummy_6,2025-11-01,482.15,3545.18
13.87,lvl3_dummy_3,lvl4_dummy_6,2025-12-01,19613.61,3545.18
13.87,lvl3_dummy_3,lvl4_dummy_7,2025-10-01,909.59,2509.65
13.87,lvl3_dummy_3,lvl4_dummy_7,2025-11-01,1315.24,2509.65
13.87,lvl3_dummy_3,lvl4_dummy_7,2025-12-01,14797.22,2515.35
13.87,lvl3_dummy_3,lvl4_dummy_8,2025-10-01,810.63,1992.45
13.87,lvl3_dummy_3,lvl4_dummy_8,2025-11-01,1034.57,1992.45
13.87,lvl3_dummy_3,lvl4_dummy_8,2025-12-01,11905.66,1994.73
14.8,lvl3_dummy_3,lvl4_dummy_9,2025-10-01,14514.39,13721.38
14.8,lvl3_dummy_3,lvl4_dummy_9,2025-11-01,9919.99,13721.38
14.8,lvl3_dummy_3,lvl4_dummy_9,2025-12-01,12829.71,13716.82
15.72,lvl3_dummy_3,lvl4_dummy_8,2025-10-01,1603.74,4747.03
15.72,lvl3_dummy_3,lvl4_dummy_8,2025-11-01,1459.84,4747.03
15.72,lvl3_dummy_3,lvl4_dummy_8,2025-12-01,11162.58,4742.47
21.27,lvl3_dummy_3,lvl4_dummy_9,2025-10-01,7682.62,0.0
0.0,lvl3_dummy_4,lvl4_dummy_10,2025-10-01,1785.28,7233.9
0.0,lvl3_dummy_4,lvl4_dummy_10,2025-11-01,4810.8,7233.9
0.0,lvl3_dummy_4,lvl4_dummy_10,2025-12-01,5390.84,7233.9
0.0,lvl3_dummy_4,lvl4_dummy_11,2025-10-01,70048.06,61221.4
0.0,lvl3_dummy_4,lvl4_dummy_11,2025-11-01,73174.54,61221.4
0.0,lvl3_dummy_4,lvl4_dummy_11,2025-12-01,69500.65,61221.4
0.0,lvl3_dummy_4,lvl4_dummy_12,2025-10-01,7208.92,2392.31
0.0,lvl3_dummy_4,lvl4_dummy_12,2025-11-01,5778.78,2392.31
0.0,lvl3_dummy_4,lvl4_dummy_12,2025-12-01,5536.01,2392.31
0.0,lvl3_dummy_4,lvl4_dummy_13,2025-10-01,1142.96,177.98
0.0,lvl3_dummy_4,lvl4_dummy_13,2025-11-01,4106.72,177.98
0.0,lvl3_dummy_4,lvl4_dummy_13,2025-12-01,2360.53,177.98
0.0,lvl3_dummy_4,lvl4_dummy_14,2025-10-01,351.78,137.56
0.0,lvl3_dummy_4,lvl4_dummy_14,2025-11-01,678.1,137.56
0.0,lvl3_dummy_4,lvl4_dummy_14,2025-12-01,579.07,137.56
0.0,lvl3_dummy_4,lvl4_dummy_15,2025-10-01,468.27,275.69
0.0,lvl3_dummy_4,lvl4_dummy_15,2025-11-01,754.57,275.69
0.0,lvl3_dummy_4,lvl4_dummy_15,2025-12-01,635.62,271.13
0.0,lvl3_dummy_4,lvl4_dummy_16,2025-10-01,639.76,759.84
0.0,lvl3_dummy_4,lvl4_dummy_16,2025-11-01,936.04,759.84
0.0,lvl3_dummy_4,lvl4_dummy_16,2025-12-01,849.34,755.29
0.0,lvl3_dummy_4,lvl4_dummy_17,2025-10-01,-880.45,0.0
0.0,lvl3_dummy_4,lvl4_dummy_17,2025-11-01,-1695.72,0.0
0.0,lvl3_dummy_4,lvl4_dummy_17,2025-12-01,-867.7,0.0
0.92,lvl3_dummy_4,lvl4_dummy_10,2025-10-01,3339.59,2411.3
0.92,lvl3_dummy_4,lvl4_dummy_10,2025-11-01,2446.32,2411.3
0.92,lvl3_dummy_4,lvl4_dummy_10,2025-12-01,3358.21,2411.3
0.92,lvl3_dummy_4,lvl4_dummy_11,2025-10-01,26272.78,19869.11
0.92,lvl3_dummy_4,lvl4_dummy_11,2025-11-01,29186.02,19869.11
0.92,lvl3_dummy_4,lvl4_dummy_11,2025-12-01,29799.76,19869.11
0.92,lvl3_dummy_4,lvl4_dummy_12,2025-10-01,3170.9,2392.31
0.92,lvl3_dummy_4,lvl4_dummy_12,2025-11-01,4017.12,2392.31
0.92,lvl3_dummy_4,lvl4_dummy_12,2025-12-01,6361.78,2392.31
0.92,lvl3_dummy_4,lvl4_dummy_13,2025-10-01,153.23,61.48
0.92,lvl3_dummy_4,lvl4_dummy_13,2025-11-01,436.73,61.48
0.92,lvl3_dummy_4,lvl4_dummy_13,2025-12-01,-467.01,61.48
0.92,lvl3_dummy_4,lvl4_dummy_15,2025-10-01,605.49,37.59
0.92,lvl3_dummy_4,lvl4_dummy_15,2025-11-01,846.91,37.59
0.92,lvl3_dummy_4,lvl4_dummy_15,2025-12-01,1240.61,42.15
0.92,lvl3_dummy_4,lvl4_dummy_16,2025-10-01,491.09,284.8
0.92,lvl3_dummy_4,lvl4_dummy_16,2025-11-01,1278.97,284.8
0.92,lvl3_dummy_4,lvl4_dummy_16,2025-12-01,704.31,284.8
1.85,lvl3_dummy_4,lvl4_dummy_10,2025-10-01,6157.88,6028.25
1.85,lvl3_dummy_4,lvl4_dummy_10,2025-11-01,8611.97,6028.25
1.85,lvl3_dummy_4,lvl4_dummy_10,2025-12-01,7028.15,6028.25
1.85,lvl3_dummy_4,lvl4_dummy_11,2025-10-01,64666.66,59295.73
1.85,lvl3_dummy_4,lvl4_dummy_11,2025-11-01,61026.19,59295.73
1.85,lvl3_dummy_4,lvl4_dummy_11,2025-12-01,54001.66,59295.73
1.85,lvl3_dummy_4,lvl4_dummy_12,2025-10-01,10739.77,0.0
1.85,lvl3_dummy_4,lvl4_dummy_12,2025-11-01,8316.79,0.0
1.85,lvl3_dummy_4,lvl4_dummy_12,2025-12-01,6029.45,0.0
1.85,lvl3_dummy_4,lvl4_dummy_13,2025-10-01,3973.99,601.99
1.85,lvl3_dummy_4,lvl4_dummy_13,2025-11-01,4277.9,601.99
1.85,lvl3_dummy_4,lvl4_dummy_13,2025-12-01,1079.81,601.99
1.85,lvl3_dummy_4,lvl4_dummy_15,2025-10-01,654.22,298.47
1.85,lvl3_dummy_4,lvl4_dummy_15,2025-11-01,644.31,298.47
1.85,lvl3_dummy_4,lvl4_dummy_15,2025-12-01,1511.51,305.3
1.85,lvl3_dummy_4,lvl4_dummy_16,2025-10-01,1300.71,759.84
1.85,lvl3_dummy_4,lvl4_dummy_16,2025-11-01,746.49,759.84
1.85,lvl3_dummy_4,lvl4_dummy_16,2025-12-01,-136.65,755.29
1.85,lvl3_dummy_4,lvl4_dummy_17,2025-10-01,-1507.59,-341.71
1.85,lvl3_dummy_4,lvl4_dummy_17,2025-11-01,-2186.56,-341.71
1.85,lvl3_dummy_4,lvl4_dummy_17,2025-12-01,-983.0,-341.71
2.77,lvl3_dummy_4,lvl4_dummy_10,2025-10-01,8947.51,9643.99
2.77,lvl3_dummy_4,lvl4_dummy_10,2025-11-01,10541.0,9643.99
2.77,lvl3_dummy_4,lvl4_dummy_10,2025-12-01,9277.37,9643.99
2.77,lvl3_dummy_4,lvl4_dummy_11,2025-10-01,89752.48,76042.62
2.77,lvl3_dummy_4,lvl4_dummy_11,2025-11-01,69973.15,76042.62
2.77,lvl3_dummy_4,lvl4_dummy_11,2025-12-01,87465.83,76042.62
2.77,lvl3_dummy_4,lvl4_dummy_12,2025-10-01,5005.9,598.08
2.77,lvl3_dummy_4,lvl4_dummy_12,2025-11-01,3912.37,598.08
2.77,lvl3_dummy_4,lvl4_dummy_12,2025-12-01,3824.88,598.08
2.77,lvl3_dummy_4,lvl4_dummy_13,2025-10-01,2744.36,215.54
2.77,lvl3_dummy_4,lvl4_dummy_13,2025-11-01,5081.4,215.54
2.77,lvl3_dummy_4,lvl4_dummy_13,2025-12-01,4782.79,215.54
2.77,lvl3_dummy_4,lvl4_dummy_14,2025-10-01,695.27,4477.21
2.77,lvl3_dummy_4,lvl4_dummy_14,2025-11-01,931.44,4477.21
2.77,lvl3_dummy_4,lvl4_dummy_14,2025-12-01,1408.84,4477.21
2.77,lvl3_dummy_4,lvl4_dummy_15,2025-10-01,711.09,388.47
2.77,lvl3_dummy_4,lvl4_dummy_15,2025-11-01,891.02,388.47
2.77,lvl3_dummy_4,lvl4_dummy_15,2025-12-01,1506.56,397.58
2.77,lvl3_dummy_4,lvl4_dummy_16,2025-10-01,972.6,948.95
2.77,lvl3_dummy_4,lvl4_dummy_16,2025-11-01,482.22,948.95
2.77,lvl3_dummy_4,lvl4_dummy_16,2025-12-01,2241.39,953.51
3.7,lvl3_dummy_4,lvl4_dummy_10,2025-10-01,14052.34,8439.54
3.7,lvl3_dummy_4,lvl4_dummy_10,2025-11-01,9113.22,8439.54
3.7,lvl3_dummy_4,lvl4_dummy_10,2025-12-01,12309.59,8439.54
3.7,lvl3_dummy_4,lvl4_dummy_11,2025-10-01,80064.53,64502.24
3.7,lvl3_dummy_4,lvl4_dummy_11,2025-11-01,68771.8,64502.24
3.7,lvl3_dummy_4,lvl4_dummy_11,2025-12-01,70554.01,64502.24
3.7,lvl3_dummy_4,lvl4_dummy_13,2025-10-01,770.2,181.1
3.7,lvl3_dummy_4,lvl4_dummy_13,2025-11-01,1064.82,181.1
3.7,lvl3_dummy_4,lvl4_dummy_13,2025-12-01,669.1,181.1
3.7,lvl3_dummy_4,lvl4_dummy_14,2025-10-01,282.52,0.0
3.7,lvl3_dummy_4,lvl4_dummy_14,2025-11-01,554.06,0.0
3.7,lvl3_dummy_4,lvl4_dummy_14,2025-12-01,690.15,0.0
3.7,lvl3_dummy_4,lvl4_dummy_15,2025-10-01,468.1,227.84
3.7,lvl3_dummy_4,lvl4_dummy_15,2025-11-01,805.97,227.84
3.7,lvl3_dummy_4,lvl4_dummy_15,2025-12-01,255.37,227.84
3.7,lvl3_dummy_4,lvl4_dummy_16,2025-10-01,625.08,712.0
3.7,lvl3_dummy_4,lvl4_dummy_16,2025-11-01,1383.69,712.0
3.7,lvl3_dummy_4,lvl4_dummy_16,2025-12-01,682.17,712.0
4.62,lvl3_dummy_4,lvl4_dummy_10,2025-10-01,12499.19,7233.9
4.62,lvl3_dummy_4,lvl4_dummy_10,2025-11-01,13581.0,7233.9
4.62,lvl3_dummy_4,lvl4_dummy_10,2025-12-01,10839.9,7233.9
4.62,lvl3_dummy_4,lvl4_dummy_11,2025-10-01,67234.29,52700.27
4.62,lvl3_dummy_4,lvl4_dummy_11,2025-11-01,63580.34,52700.27
4.62,lvl3_dummy_4,lvl4_dummy_11,2025-12-01,50758.96,52700.27
4.62,lvl3_dummy_4,lvl4_dummy_12,2025-10-01,2938.9,0.0
4.62,lvl3_dummy_4,lvl4_dummy_12,2025-11-01,3075.01,0.0
4.62,lvl3_dummy_4,lvl4_dummy_12,2025-12-01,3408.63,0.0
4.62,lvl3_dummy_4,lvl4_dummy_13,2025-10-01,1887.73,148.18
4.62,lvl3_dummy_4,lvl4_dummy_13,2025-11-01,318.51,148.18
4.62,lvl3_dummy_4,lvl4_dummy_13,2025-12-01,251.6,148.18
4.62,lvl3_dummy_4,lvl4_dummy_18,2025-10-01,440.82,0.0
4.62,lvl3_dummy_4,lvl4_dummy_15,2025-10-01,490.51,218.73
4.62,lvl3_dummy_4,lvl4_dummy_15,2025-11-01,-33.88,218.73
4.62,lvl3_dummy_4,lvl4_dummy_15,2025-12-01,720.32,214.17
4.62,lvl3_dummy_4,lvl4_dummy_16,2025-10-01,579.31,475.04
4.62,lvl3_dummy_4,lvl4_dummy_16,2025-11-01,690.25,475.04
4.62,lvl3_dummy_4,lvl4_dummy_16,2025-12-01,126.61,470.49
4.62,lvl3_dummy_4,lvl4_dummy_17,2025-10-01,-870.35,0.0
4.62,lvl3_dummy_4,lvl4_dummy_17,2025-11-01,-1530.55,0.0
4.62,lvl3_dummy_4,lvl4_dummy_17,2025-12-01,-752.8,0.0
5.55,lvl3_dummy_4,lvl4_dummy_10,2025-10-01,9887.61,9645.19
5.55,lvl3_dummy_4,lvl4_dummy_10,2025-11-01,10976.72,9645.19
5.55,lvl3_dummy_4,lvl4_dummy_10,2025-12-01,3505.5,9645.19
5.55,lvl3_dummy_4,lvl4_dummy_11,2025-10-01,40615.95,32482.89
5.55,lvl3_dummy_4,lvl4_dummy_11,2025-11-01,31575.3,32482.89
5.55,lvl3_dummy_4,lvl4_dummy_11,2025-12-01,37527.68,32482.89
5.55,lvl3_dummy_4,lvl4_dummy_12,2025-10-01,845.2,598.08
5.55,lvl3_dummy_4,lvl4_dummy_12,2025-11-01,441.79,598.08
5.55,lvl3_dummy_4,lvl4_dummy_12,2025-12-01,1415.33,598.08
5.55,lvl3_dummy_4,lvl4_dummy_13,2025-10-01,-115.69,107.44
5.55,lvl3_dummy_4,lvl4_dummy_13,2025-11-01,719.03,107.44
5.55,lvl3_dummy_4,lvl4_dummy_13,2025-12-01,396.28,107.44
5.55,lvl3_dummy_4,lvl4_dummy_15,2025-10-01,-111.02,94.55
5.55,lvl3_dummy_4,lvl4_dummy_15,2025-11-01,615.23,94.55
5.55,lvl3_dummy_4,lvl4_dummy_15,2025-12-01,88.11,99.11
5.55,lvl3_dummy_4,lvl4_dummy_16,2025-10-01,1901.63,379.35
5.55,lvl3_dummy_4,lvl4_dummy_16,2025-11-01,950.49,379.35
5.55,lvl3_dummy_4,lvl4_dummy_16,2025-12-01,1322.59,383.91
6.47,lvl3_dummy_4,lvl4_dummy_10,2025-10-01,13912.32,9645.19
6.47,lvl3_dummy_4,lvl4_dummy_10,2025-11-01,10125.11,9645.19
6.47,lvl3_dummy_4,lvl4_dummy_10,2025-12-01,3125.16,9645.19
6.47,lvl3_dummy_4,lvl4_dummy_11,2025-10-01,78450.17,72055.95
6.47,lvl3_dummy_4,lvl4_dummy_11,2025-11-01,77856.44,72055.95
6.47,lvl3_dummy_4,lvl4_dummy_11,2025-12-01,80012.56,72055.95
6.47,lvl3_dummy_4,lvl4_dummy_12,2025-10-01,4968.02,2392.31
6.47,lvl3_dummy_4,lvl4_dummy_12,2025-11-01,7096.96,2392.31
6.47,lvl3_dummy_4,lvl4_dummy_12,2025-12-01,7791.39,2392.31
6.47,lvl3_dummy_4,lvl4_dummy_13,2025-10-01,1750.06,208.73
6.47,lvl3_dummy_4,lvl4_dummy_13,2025-11-01,1236.26,208.73
6.47,lvl3_dummy_4,lvl4_dummy_13,2025-12-01,1549.7,208.73
6.47,lvl3_dummy_4,lvl4_dummy_15,2025-10-01,1963.17,313.28
6.47,lvl3_dummy_4,lvl4_dummy_15,2025-11-01,933.05,313.28
6.47,lvl3_dummy_4,lvl4_dummy_15,2025-12-01,1001.13,313.28
6.47,lvl3_dummy_4,lvl4_dummy_16,2025-10-01,2178.53,948.95
6.47,lvl3_dummy_4,lvl4_dummy_16,2025-11-01,1188.64,948.95
6.47,lvl3_dummy_4,lvl4_dummy_16,2025-12-01,920.93,953.51
7.4,lvl3_dummy_4,lvl4_dummy_11,2025-10-01,2070.19,0.0
7.4,lvl3_dummy_4,lvl4_dummy_11,2025-11-01,1079.85,0.0
7.4,lvl3_dummy_4,lvl4_dummy_11,2025-12-01,4378.88,0.0
7.4,lvl3_dummy_4,lvl4_dummy_12,2025-10-01,577.53,598.08
7.4,lvl3_dummy_4,lvl4_dummy_12,2025-11-01,465.07,598.08
7.4,lvl3_dummy_4,lvl4_dummy_12,2025-12-01,768.11,598.08
7.4,lvl3_dummy_4,lvl4_dummy_13,2025-10-01,-120.69,1.8
7.4,lvl3_dummy_4,lvl4_dummy_13,2025-11-01,979.61,1.8
7.4,lvl3_dummy_4,lvl4_dummy_13,2025-12-01,386.46,1.8
8.32,lvl3_dummy_4,lvl4_dummy_10,2025-10-01,2434.0,3616.95
8.32,lvl3_dummy_4,lvl4_dummy_10,2025-11-01,1606.85,3616.95
8.32,lvl3_dummy_4,lvl4_dummy_10,2025-12-01,2571.56,3616.95
8.32,lvl3_dummy_4,lvl4_dummy_11,2025-10-01,40660.15,34775.83
8.32,lvl3_dummy_4,lvl4_dummy_11,2025-11-01,38776.16,34775.83
8.32,lvl3_dummy_4,lvl4_dummy_11,2025-12-01,39942.19,34775.83
8.32,lvl3_dummy_4,lvl4_dummy_12,2025-10-01,5893.96,2392.31
8.32,lvl3_dummy_4,lvl4_dummy_12,2025-11-01,5216.78,2392.31
8.32,lvl3_dummy_4,lvl4_dummy_12,2025-12-01,5265.49,2392.31
8.32,lvl3_dummy_4,lvl4_dummy_13,2025-10-01,1387.31,103.58
8.32,lvl3_dummy_4,lvl4_dummy_13,2025-11-01,2067.49,103.58
8.32,lvl3_dummy_4,lvl4_dummy_13,2025-12-01,3790.57,103.58
8.32,lvl3_dummy_4,lvl4_dummy_15,2025-10-01,-26.62,303.03
8.32,lvl3_dummy_4,lvl4_dummy_15,2025-11-01,1662.41,303.03
8.32,lvl3_dummy_4,lvl4_dummy_15,2025-12-01,837.6,312.14
8.32,lvl3_dummy_4,lvl4_dummy_16,2025-10-01,377.21,379.35
8.32,lvl3_dummy_4,lvl4_dummy_16,2025-11-01,1721.48,379.35
8.32,lvl3_dummy_4,lvl4_dummy_16,2025-12-01,2274.56,383.91
9.25,lvl3_dummy_4,lvl4_dummy_10,2025-10-01,14586.14,9645.19
9.25,lvl3_dummy_4,lvl4_dummy_10,2025-11-01,11250.71,9645.19
9.25,lvl3_dummy_4,lvl4_dummy_10,2025-12-01,9877.88,9645.19
9.25,lvl3_dummy_4,lvl4_dummy_11,2025-10-01,51592.71,55981.48
9.25,lvl3_dummy_4,lvl4_dummy_11,2025-11-01,49560.27,55981.48
9.25,lvl3_dummy_4,lvl4_dummy_11,2025-12-01,48985.64,55981.48
9.25,lvl3_dummy_4,lvl4_dummy_12,2025-10-01,3605.63,5347.42
9.25,lvl3_dummy_4,lvl4_dummy_12,2025-11-01,6260.85,5347.42
9.25,lvl3_dummy_4,lvl4_dummy_12,2025-12-01,2255.12,5347.42
9.25,lvl3_dummy_4,lvl4_dummy_13,2025-10-01,1246.94,173.53
9.25,lvl3_dummy_4,lvl4_dummy_13,2025-11-01,1633.84,173.53
9.25,lvl3_dummy_4,lvl4_dummy_13,2025-12-01,1666.79,173.53
9.25,lvl3_dummy_4,lvl4_dummy_15,2025-10-01,574.58,118.48
9.25,lvl3_dummy_4,lvl4_dummy_15,2025-11-01,854.44,118.48
9.25,lvl3_dummy_4,lvl4_dummy_15,2025-12-01,428.2,120.75
9.25,lvl3_dummy_4,lvl4_dummy_16,2025-10-01,1658.13,1187.04
9.25,lvl3_dummy_4,lvl4_dummy_16,2025-11-01,979.73,1187.04
9.25,lvl3_dummy_4,lvl4_dummy_16,2025-12-01,921.26,1182.49
10.17,lvl3_dummy_4,lvl4_dummy_10,2025-10-01,11360.31,12056.49
10.17,lvl3_dummy_4,lvl4_dummy_10,2025-11-01,10359.79,12056.49
10.17,lvl3_dummy_4,lvl4_dummy_10,2025-12-01,3646.04,12056.49
10.17,lvl3_dummy_4,lvl4_dummy_11,2025-10-01,161449.37,172183.11
10.17,lvl3_dummy_4,lvl4_dummy_11,2025-11-01,167369.56,172183.11
10.17,lvl3_dummy_4,lvl4_dummy_11,2025-12-01,175790.44,172183.11
10.17,lvl3_dummy_4,lvl4_dummy_12,2025-10-01,6961.88,5980.78
10.17,lvl3_dummy_4,lvl4_dummy_12,2025-11-01,10350.11,5980.78
10.17,lvl3_dummy_4,lvl4_dummy_12,2025-12-01,9221.47,5980.78
10.17,lvl3_dummy_4,lvl4_dummy_13,2025-10-01,4812.01,2462.69
10.17,lvl3_dummy_4,lvl4_dummy_13,2025-11-01,4786.15,2462.69
10.17,lvl3_dummy_4,lvl4_dummy_13,2025-12-01,5502.91,2462.69
10.17,lvl3_dummy_4,lvl4_dummy_14,2025-10-01,801.0,299.04
10.17,lvl3_dummy_4,lvl4_dummy_14,2025-11-01,1086.49,299.04
10.17,lvl3_dummy_4,lvl4_dummy_14,2025-12-01,799.77,299.04
10.17,lvl3_dummy_4,lvl4_dummy_15,2025-10-01,552.51,530.87
10.17,lvl3_dummy_4,lvl4_dummy_15,2025-11-01,1028.81,530.87
10.17,lvl3_dummy_4,lvl4_dummy_15,2025-12-01,1092.6,539.98
10.17,lvl3_dummy_4,lvl4_dummy_16,2025-10-01,1518.64,854.4
10.17,lvl3_dummy_4,lvl4_dummy_16,2025-11-01,708.42,854.4
10.17,lvl3_dummy_4,lvl4_dummy_16,2025-12-01,1092.46,854.4
10.17,lvl3_dummy_4,lvl4_dummy_17,2025-10-01,-6370.15,0.0
10.17,lvl3_dummy_4,lvl4_dummy_17,2025-11-01,-8192.47,0.0
10.17,lvl3_dummy_4,lvl4_dummy_17,2025-12-01,-3155.63,0.0
11.1,lvl3_dummy_4,lvl4_dummy_11,2025-10-01,1207.21,0.0
11.1,lvl3_dummy_4,lvl4_dummy_11,2025-11-01,1502.43,0.0
11.1,lvl3_dummy_4,lvl4_dummy_11,2025-12-01,4460.9,0.0
12.02,lvl3_dummy_4,lvl4_dummy_10,2025-10-01,9076.82,7233.9
12.02,lvl3_dummy_4,lvl4_dummy_10,2025-11-01,8033.69,7233.9
12.02,lvl3_dummy_4,lvl4_dummy_10,2025-12-01,2090.61,7233.9
12.02,lvl3_dummy_4,lvl4_dummy_11,2025-10-01,169141.6,160413.34
12.02,lvl3_dummy_4,lvl4_dummy_11,2025-11-01,153044.44,160413.34
12.02,lvl3_dummy_4,lvl4_dummy_11,2025-12-01,157393.16,160413.34
12.02,lvl3_dummy_4,lvl4_dummy_12,2025-10-01,23356.93,13157.72
12.02,lvl3_dummy_4,lvl4_dummy_12,2025-11-01,14425.16,13157.72
12.02,lvl3_dummy_4,lvl4_dummy_12,2025-12-01,20537.44,13157.72
12.02,lvl3_dummy_4,lvl4_dummy_13,2025-10-01,1581.23,451.87
12.02,lvl3_dummy_4,lvl4_dummy_13,2025-11-01,1666.24,451.87
12.02,lvl3_dummy_4,lvl4_dummy_13,2025-12-01,1735.01,451.87
12.02,lvl3_dummy_4,lvl4_dummy_14,2025-10-01,2080.5,4365.97
12.02,lvl3_dummy_4,lvl4_dummy_14,2025-11-01,2636.08,4365.97
12.02,lvl3_dummy_4,lvl4_dummy_14,2025-12-01,1774.49,4365.97
12.02,lvl3_dummy_4,lvl4_dummy_15,2025-10-01,993.91,626.56
12.02,lvl3_dummy_4,lvl4_dummy_15,2025-11-01,1202.9,626.56
12.02,lvl3_dummy_4,lvl4_dummy_15,2025-12-01,1475.2,626.56
12.02,lvl3_dummy_4,lvl4_dummy_16,2025-10-01,956.98,1139.2
12.02,lvl3_dummy_4,lvl4_dummy_16,2025-11-01,1231.15,1139.2
12.02,lvl3_dummy_4,lvl4_dummy_16,2025-12-01,1784.62,1139.2
12.95,lvl3_dummy_4,lvl4_dummy_10,2025-10-01,12912.51,12056.49
12.95,lvl3_dummy_4,lvl4_dummy_10,2025-11-01,9501.4,12056.49
12.95,lvl3_dummy_4,lvl4_dummy_10,2025-12-01,10852.87,12056.49
12.95,lvl3_dummy_4,lvl4_dummy_11,2025-10-01,164207.21,207681.05
12.95,lvl3_dummy_4,lvl4_dummy_11,2025-11-01,155179.08,207681.05
12.95,lvl3_dummy_4,lvl4_dummy_11,2025-12-01,173347.24,207681.05
12.95,lvl3_dummy_4,lvl4_dummy_12,2025-10-01,4325.65,8373.09
12.95,lvl3_dummy_4,lvl4_dummy_12,2025-11-01,9649.71,8373.09
12.95,lvl3_dummy_4,lvl4_dummy_12,2025-12-01,10765.49,8373.09
12.95,lvl3_dummy_4,lvl4_dummy_13,2025-10-01,3217.44,567.75
12.95,lvl3_dummy_4,lvl4_dummy_13,2025-11-01,6404.46,567.75
12.95,lvl3_dummy_4,lvl4_dummy_13,2025-12-01,2006.79,567.75
12.95,lvl3_dummy_4,lvl4_dummy_15,2025-10-01,1504.14,722.25
12.95,lvl3_dummy_4,lvl4_dummy_15,2025-11-01,1622.36,722.25
12.95,lvl3_dummy_4,lvl4_dummy_15,2025-12-01,2282.45,713.14
12.95,lvl3_dummy_4,lvl4_dummy_16,2025-10-01,3377.7,1899.04
12.95,lvl3_dummy_4,lvl4_dummy_16,2025-11-01,3368.66,1899.04
12.95,lvl3_dummy_4,lvl4_dummy_16,2025-12-01,2996.55,1894.48
13.87,lvl3_dummy_4,lvl4_dummy_10,2025-10-01,13579.66,12056.49
13.87,lvl3_dummy_4,lvl4_dummy_10,2025-11-01,10194.54,12056.49
13.87,lvl3_dummy_4,lvl4_dummy_10,2025-12-01,11301.15,12056.49
13.87,lvl3_dummy_4,lvl4_dummy_11,2025-10-01,129747.59,145430.23
13.87,lvl3_dummy_4,lvl4_dummy_11,2025-11-01,176603.01,145430.23
13.87,lvl3_dummy_4,lvl4_dummy_11,2025-12-01,136469.26,145430.23
13.87,lvl3_dummy_4,lvl4_dummy_12,2025-10-01,1990.25,0.0
13.87,lvl3_dummy_4,lvl4_dummy_12,2025-11-01,1805.88,0.0
13.87,lvl3_dummy_4,lvl4_dummy_12,2025-12-01,2407.89,0.0
13.87,lvl3_dummy_4,lvl4_dummy_13,2025-10-01,2325.53,390.17
13.87,lvl3_dummy_4,lvl4_dummy_13,2025-11-01,1705.18,390.17
13.87,lvl3_dummy_4,lvl4_dummy_13,2025-12-01,684.44,390.17
13.87,lvl3_dummy_4,lvl4_dummy_14,2025-10-01,4514.1,874.39
13.87,lvl3_dummy_4,lvl4_dummy_14,2025-11-01,2158.46,874.39
13.87,lvl3_dummy_4,lvl4_dummy_14,2025-12-01,7729.43,874.39
13.87,lvl3_dummy_4,lvl4_dummy_15,2025-10-01,1482.93,639.09
13.87,lvl3_dummy_4,lvl4_dummy_15,2025-11-01,1473.37,639.09
13.87,lvl3_dummy_4,lvl4_dummy_15,2025-12-01,1803.3,625.42
13.87,lvl3_dummy_4,lvl4_dummy_16,2025-10-01,337.51,948.95
13.87,lvl3_dummy_4,lvl4_dummy_16,2025-11-01,1137.51,948.95
13.87,lvl3_dummy_4,lvl4_dummy_16,2025-12-01,1139.64,953.51
14.8,lvl3_dummy_4,lvl4_dummy_10,2025-10-01,4288.59,0.0
14.8,lvl3_dummy_4,lvl4_dummy_10,2025-11-01,3583.72,0.0
14.8,lvl3_dummy_4,lvl4_dummy_10,2025-12-01,3983.16,0.0
14.8,lvl3_dummy_4,lvl4_dummy_11,2025-10-01,43779.3,46668.56
14.8,lvl3_dummy_4,lvl4_dummy_11,2025-11-01,50415.48,46668.56
14.8,lvl3_dummy_4,lvl4_dummy_11,2025-12-01,42028.0,46783.62
14.8,lvl3_dummy_4,lvl4_dummy_12,2025-10-01,3370.39,5703.34
14.8,lvl3_dummy_4,lvl4_dummy_12,2025-11-01,5828.43,5703.34
14.8,lvl3_dummy_4,lvl4_dummy_12,2025-12-01,8049.94,5703.34
14.8,lvl3_dummy_4,lvl4_dummy_13,2025-10-01,12338.55,15001.47
14.8,lvl3_dummy_4,lvl4_dummy_13,2025-11-01,16151.53,15001.47
14.8,lvl3_dummy_4,lvl4_dummy_13,2025-12-01,16104.63,15001.47
14.8,lvl3_dummy_4,lvl4_dummy_18,2025-10-01,-854.7,0.0
14.8,lvl3_dummy_4,lvl4_dummy_18,2025-11-01,-1772.31,0.0
14.8,lvl3_dummy_4,lvl4_dummy_18,2025-12-01,6653.25,0.0
14.8,lvl3_dummy_4,lvl4_dummy_14,2025-10-01,20833.0,3487.99
14.8,lvl3_dummy_4,lvl4_dummy_14,2025-11-01,13044.59,3487.99
14.8,lvl3_dummy_4,lvl4_dummy_14,2025-12-01,25568.32,3487.99
14.8,lvl3_dummy_4,lvl4_dummy_15,2025-10-01,31578.24,48890.89
14.8,lvl3_dummy_4,lvl4_dummy_15,2025-11-01,31362.46,48890.89
14.8,lvl3_dummy_4,lvl4_dummy_15,2025-12-01,30793.27,48886.33
14.8,lvl3_dummy_4,lvl4_dummy_16,2025-10-01,16013.29,27378.31
14.8,lvl3_dummy_4,lvl4_dummy_16,2025-11-01,27452.5,27378.31
14.8,lvl3_dummy_4,lvl4_dummy_16,2025-12-01,31182.02,27379.45
14.8,lvl3_dummy_4,lvl4_dummy_17,2025-10-01,-701.3,0.0
14.8,lvl3_dummy_4,lvl4_dummy_17,2025-11-01,-1485.27,0.0
14.8,lvl3_dummy_4,lvl4_dummy_17,2025-12-01,625.43,0.0
15.72,lvl3_dummy_4,lvl4_dummy_11,2025-10-01,598.51,0.0
15.72,lvl3_dummy_4,lvl4_dummy_11,2025-11-01,1631.39,0.0
15.72,lvl3_dummy_4,lvl4_dummy_11,2025-12-01,3147.06,0.0
15.72,lvl3_dummy_4,lvl4_dummy_16,2025-10-01,5546.49,0.0
15.72,lvl3_dummy_4,lvl4_dummy_16,2025-11-01,6720.94,0.0
15.72,lvl3_dummy_4,lvl4_dummy_16,2025-12-01,6160.12,0.0
17.57,lvl3_dummy_4,lvl4_dummy_11,2025-10-01,147.04,0.0
17.57,lvl3_dummy_4,lvl4_dummy_11,2025-11-01,4128.3,0.0
17.57,lvl3_dummy_4,lvl4_dummy_11,2025-12-01,5453.31,0.0
19.42,lvl3_dummy_4,lvl4_dummy_10,2025-10-01,11917.21,12501.39
19.42,lvl3_dummy_4,lvl4_dummy_10,2025-11-01,11254.6,12501.39
19.42,lvl3_dummy_4,lvl4_dummy_10,2025-12-01,9978.02,12501.39
19.42,lvl3_dummy_4,lvl4_dummy_11,2025-10-01,48179.49,67887.31
19.42,lvl3_dummy_4,lvl4_dummy_11,2025-11-01,45618.31,67887.31
19.42,lvl3_dummy_4,lvl4_dummy_11,2025-12-01,63743.76,67896.42
19.42,lvl3_dummy_4,lvl4_dummy_12,2025-10-01,-2123.15,3036.51
19.42,lvl3_dummy_4,lvl4_dummy_12,2025-11-01,5363.63,3036.51
19.42,lvl3_dummy_4,lvl4_dummy_12,2025-12-01,6927.96,3036.51
19.42,lvl3_dummy_4,lvl4_dummy_13,2025-10-01,127603.05,170889.88
19.42,lvl3_dummy_4,lvl4_dummy_13,2025-11-01,137234.77,170889.88
19.42,lvl3_dummy_4,lvl4_dummy_13,2025-12-01,139391.68,170889.88
19.42,lvl3_dummy_4,lvl4_dummy_15,2025-10-01,344.51,1706.78
19.42,lvl3_dummy_4,lvl4_dummy_15,2025-11-01,204.95,1706.78
19.42,lvl3_dummy_4,lvl4_dummy_15,2025-12-01,1331.3,1702.22
19.42,lvl3_dummy_4,lvl4_dummy_16,2025-10-01,1589.86,284.8
19.42,lvl3_dummy_4,lvl4_dummy_16,2025-11-01,80.77,284.8
19.42,lvl3_dummy_4,lvl4_dummy_16,2025-12-01,2310.91,284.8
19.42,lvl3_dummy_4,lvl4_dummy_17,2025-10-01,-98328.44,-148803.18
19.42,lvl3_dummy_4,lvl4_dummy_17,2025-11-01,-90801.39,-148803.18
19.42,lvl3_dummy_4,lvl4_dummy_17,2025-12-01,-100212.49,-148803.18
20.34,lvl3_dummy_4,lvl4_dummy_10,2025-10-01,7297.44,16746.19
20.34,lvl3_dummy_4,lvl4_dummy_10,2025-11-01,17588.97,16746.19
20.34,lvl3_dummy_4,lvl4_dummy_10,2025-12-01,21259.51,16746.19
20.34,lvl3_dummy_4,lvl4_dummy_11,2025-10-01,10109.6,0.0
20.34,lvl3_dummy_4,lvl4_dummy_11,2025-11-01,9977.23,0.0
20.34,lvl3_dummy_4,lvl4_dummy_11,2025-12-01,10628.06,0.0
20.34,lvl3_dummy_4,lvl4_dummy_12,2025-10-01,46977.56,41881.11
20.34,lvl3_dummy_4,lvl4_dummy_12,2025-11-01,37070.71,41881.11
20.34,lvl3_dummy_4,lvl4_dummy_12,2025-12-01,36254.29,41881.11
20.34,lvl3_dummy_4,lvl4_dummy_13,2025-10-01,1411.54,146.8
20.34,lvl3_dummy_4,lvl4_dummy_13,2025-11-01,-93.91,146.8
20.34,lvl3_dummy_4,lvl4_dummy_13,2025-12-01,-81.85,146.8
20.34,lvl3_dummy_4,lvl4_dummy_15,2025-10-01,1402.98,677.82
20.34,lvl3_dummy_4,lvl4_dummy_15,2025-11-01,1345.76,677.82
20.34,lvl3_dummy_4,lvl4_dummy_15,2025-12-01,1721.24,677.82
20.34,lvl3_dummy_4,lvl4_dummy_16,2025-10-01,385.67,0.0
21.27,lvl3_dummy_4,lvl4_dummy_11,2025-10-01,33306.04,32765.62
21.27,lvl3_dummy_4,lvl4_dummy_11,2025-11-01,35465.72,32765.62
21.27,lvl3_dummy_4,lvl4_dummy_11,2025-12-01,40923.79,32770.18
21.27,lvl3_dummy_4,lvl4_dummy_12,2025-10-01,19261.72,14306.77
21.27,lvl3_dummy_4,lvl4_dummy_12,2025-11-01,19775.54,14306.77
21.27,lvl3_dummy_4,lvl4_dummy_12,2025-12-01,23000.5,14306.77
21.27,lvl3_dummy_4,lvl4_dummy_13,2025-10-01,7873.68,88.33
21.27,lvl3_dummy_4,lvl4_dummy_13,2025-11-01,8130.58,88.33
21.27,lvl3_dummy_4,lvl4_dummy_13,2025-12-01,10684.57,88.33
21.27,lvl3_dummy_4,lvl4_dummy_15,2025-10-01,805.33,475.04
21.27,lvl3_dummy_4,lvl4_dummy_15,2025-11-01,751.66,475.04
21.27,lvl3_dummy_4,lvl4_dummy_15,2025-12-01,1929.84,470.49
22.19,lvl3_dummy_4,lvl4_dummy_10,2025-10-01,2961.73,4822.59
22.19,lvl3_dummy_4,lvl4_dummy_10,2025-11-01,5587.96,4822.59
22.19,lvl3_dummy_4,lvl4_dummy_10,2025-12-01,9513.76,4822.59
22.19,lvl3_dummy_4,lvl4_dummy_11,2025-10-01,18988.18,19316.27
22.19,lvl3_dummy_4,lvl4_dummy_11,2025-11-01,17478.18,19316.27
22.19,lvl3_dummy_4,lvl4_dummy_11,2025-12-01,27856.63,19316.27
22.19,lvl3_dummy_4,lvl4_dummy_12,2025-10-01,31477.04,22726.97
22.19,lvl3_dummy_4,lvl4_dummy_12,2025-11-01,30141.69,22726.97
22.19,lvl3_dummy_4,lvl4_dummy_12,2025-12-01,32898.0,22726.97
22.19,lvl3_dummy_4,lvl4_dummy_13,2025-10-01,-425.13,118.64
22.19,lvl3_dummy_4,lvl4_dummy_13,2025-11-01,2368.82,118.64
22.19,lvl3_dummy_4,lvl4_dummy_13,2025-12-01,302.64,118.64
22.19,lvl3_dummy_4,lvl4_dummy_14,2025-10-01,5007.1,9608.9
22.19,lvl3_dummy_4,lvl4_dummy_14,2025-11-01,3444.85,9608.9
22.19,lvl3_dummy_4,lvl4_dummy_14,2025-12-01,6984.09,9608.9
22.19,lvl3_dummy_4,lvl4_dummy_15,2025-10-01,153.14,142.4
22.19,lvl3_dummy_4,lvl4_dummy_15,2025-11-01,-6.17,142.4
22.19,lvl3_dummy_4,lvl4_dummy_15,2025-12-01,1573.48,142.4
22.19,lvl3_dummy_4,lvl4_dummy_16,2025-10-01,-467.79,948.95
22.19,lvl3_dummy_4,lvl4_dummy_16,2025-11-01,-173.06,948.95
22.19,lvl3_dummy_4,lvl4_dummy_16,2025-12-01,1291.87,953.51
0.0,lvl3_dummy_5,lvl4_dummy_19,2025-10-01,53.03,314.92
0.0,lvl3_dummy_5,lvl4_dummy_19,2025-11-01,52.78,314.92
0.0,lvl3_dummy_5,lvl4_dummy_19,2025-12-01,1130.71,310.37
0.0,lvl3_dummy_5,lvl4_dummy_20,2025-10-01,296.02,386.06
0.0,lvl3_dummy_5,lvl4_dummy_20,2025-11-01,319.92,386.06
0.0,lvl3_dummy_5,lvl4_dummy_20,2025-12-01,435.95,390.4
0.0,lvl3_dummy_5,lvl4_dummy_21,2025-10-01,1033.56,878.2
0.0,lvl3_dummy_5,lvl4_dummy_21,2025-11-01,1034.11,878.2
0.0,lvl3_dummy_5,lvl4_dummy_21,2025-12-01,1034.01,877.41
0.92,lvl3_dummy_5,lvl4_dummy_19,2025-10-01,44.99,46.29
0.92,lvl3_dummy_5,lvl4_dummy_19,2025-11-01,45.02,46.29
0.92,lvl3_dummy_5,lvl4_dummy_19,2025-12-01,44.95,46.22
0.92,lvl3_dummy_5,lvl4_dummy_20,2025-10-01,252.79,215.21
0.92,lvl3_dummy_5,lvl4_dummy_20,2025-11-01,252.79,215.21
0.92,lvl3_dummy_5,lvl4_dummy_20,2025-12-01,252.79,215.23
0.92,lvl3_dummy_5,lvl4_dummy_21,2025-10-01,7.0,100.74
0.92,lvl3_dummy_5,lvl4_dummy_21,2025-11-01,7.0,100.74
0.92,lvl3_dummy_5,lvl4_dummy_21,2025-12-01,7.0,100.76
1.85,lvl3_dummy_5,lvl4_dummy_19,2025-10-01,694.78,1400.32
1.85,lvl3_dummy_5,lvl4_dummy_19,2025-11-01,29160.46,1400.32
1.85,lvl3_dummy_5,lvl4_dummy_19,2025-12-01,871.49,1400.19
1.85,lvl3_dummy_5,lvl4_dummy_20,2025-10-01,1497.5,1271.9
1.85,lvl3_dummy_5,lvl4_dummy_20,2025-11-01,5605.71,1271.9
1.85,lvl3_dummy_5,lvl4_dummy_20,2025-12-01,5498.89,1271.89
1.85,lvl3_dummy_5,lvl4_dummy_21,2025-10-01,675.32,645.75
1.85,lvl3_dummy_5,lvl4_dummy_21,2025-11-01,681.52,645.75
1.85,lvl3_dummy_5,lvl4_dummy_21,2025-12-01,681.42,645.86
2.77,lvl3_dummy_5,lvl4_dummy_19,2025-10-01,56.72,1494.58
2.77,lvl3_dummy_5,lvl4_dummy_19,2025-11-01,61.39,1494.58
2.77,lvl3_dummy_5,lvl4_dummy_19,2025-12-01,12023.25,1494.69
2.77,lvl3_dummy_5,lvl4_dummy_20,2025-10-01,1796.56,1588.12
2.77,lvl3_dummy_5,lvl4_dummy_20,2025-11-01,5849.0,1588.12
2.77,lvl3_dummy_5,lvl4_dummy_20,2025-12-01,2924.86,1587.71
2.77,lvl3_dummy_5,lvl4_dummy_21,2025-10-01,864.64,736.9
2.77,lvl3_dummy_5,lvl4_dummy_21,2025-11-01,852.4,736.68
2.77,lvl3_dummy_5,lvl4_dummy_21,2025-12-01,838.84,730.45
3.7,lvl3_dummy_5,lvl4_dummy_19,2025-10-01,275.21,274.59
3.7,lvl3_dummy_5,lvl4_dummy_19,2025-11-01,285.13,274.59
3.7,lvl3_dummy_5,lvl4_dummy_19,2025-12-01,375.32,274.46
3.7,lvl3_dummy_5,lvl4_dummy_20,2025-10-01,1067.48,899.9
3.7,lvl3_dummy_5,lvl4_dummy_20,2025-11-01,1089.35,899.9
3.7,lvl3_dummy_5,lvl4_dummy_20,2025-12-01,1089.35,899.92
3.7,lvl3_dummy_5,lvl4_dummy_21,2025-10-01,456.18,392.68
3.7,lvl3_dummy_5,lvl4_dummy_21,2025-11-01,439.67,392.68
3.7,lvl3_dummy_5,lvl4_dummy_21,2025-12-01,466.72,392.79
4.62,lvl3_dummy_5,lvl4_dummy_19,2025-10-01,0.0,518.33
4.62,lvl3_dummy_5,lvl4_dummy_19,2025-11-01,0.25,518.33
4.62,lvl3_dummy_5,lvl4_dummy_19,2025-12-01,0.25,518.33
4.62,lvl3_dummy_5,lvl4_dummy_20,2025-10-01,306.68,1016.47
4.62,lvl3_dummy_5,lvl4_dummy_20,2025-11-01,3095.76,1016.47
4.62,lvl3_dummy_5,lvl4_dummy_20,2025-12-01,282.12,1016.46
4.62,lvl3_dummy_5,lvl4_dummy_21,2025-10-01,363.06,328.41
4.62,lvl3_dummy_5,lvl4_dummy_21,2025-11-01,359.93,328.41
4.62,lvl3_dummy_5,lvl4_dummy_21,2025-12-01,363.06,328.68
5.55,lvl3_dummy_5,lvl4_dummy_19,2025-10-01,65.17,58.44
5.55,lvl3_dummy_5,lvl4_dummy_19,2025-11-01,65.17,58.44
5.55,lvl3_dummy_5,lvl4_dummy_19,2025-12-01,65.12,58.4
5.55,lvl3_dummy_5,lvl4_dummy_20,2025-10-01,237.68,199.77
5.55,lvl3_dummy_5,lvl4_dummy_20,2025-11-01,237.68,199.77
5.55,lvl3_dummy_5,lvl4_dummy_20,2025-12-01,239.02,199.66
5.55,lvl3_dummy_5,lvl4_dummy_21,2025-10-01,467.47,459.02
5.55,lvl3_dummy_5,lvl4_dummy_21,2025-11-01,467.47,459.02
5.55,lvl3_dummy_5,lvl4_dummy_21,2025-12-01,467.47,458.86
6.47,lvl3_dummy_5,lvl4_dummy_19,2025-10-01,59.55,84.19
6.47,lvl3_dummy_5,lvl4_dummy_19,2025-11-01,81.55,84.19
6.47,lvl3_dummy_5,lvl4_dummy_19,2025-12-01,81.65,84.19
6.47,lvl3_dummy_5,lvl4_dummy_20,2025-10-01,456.66,638.74
6.47,lvl3_dummy_5,lvl4_dummy_20,2025-11-01,462.22,638.74
6.47,lvl3_dummy_5,lvl4_dummy_20,2025-12-01,465.04,638.78
6.47,lvl3_dummy_5,lvl4_dummy_21,2025-10-01,238.23,278.81
6.47,lvl3_dummy_5,lvl4_dummy_21,2025-11-01,258.3,278.81
6.47,lvl3_dummy_5,lvl4_dummy_21,2025-12-01,259.76,278.93
7.4,lvl3_dummy_5,lvl4_dummy_20,2025-10-01,81.51,7.04
7.4,lvl3_dummy_5,lvl4_dummy_20,2025-11-01,85.84,7.04
7.4,lvl3_dummy_5,lvl4_dummy_20,2025-12-01,86.17,7.09
8.32,lvl3_dummy_5,lvl4_dummy_20,2025-10-01,500.58,387.4
8.32,lvl3_dummy_5,lvl4_dummy_20,2025-11-01,416.15,387.4
8.32,lvl3_dummy_5,lvl4_dummy_20,2025-12-01,419.61,387.22
8.32,lvl3_dummy_5,lvl4_dummy_21,2025-10-01,267.4,167.63
8.32,lvl3_dummy_5,lvl4_dummy_21,2025-11-01,264.97,167.63
8.32,lvl3_dummy_5,lvl4_dummy_21,2025-12-01,264.97,167.77
9.25,lvl3_dummy_5,lvl4_dummy_19,2025-10-01,319.92,499.46
9.25,lvl3_dummy_5,lvl4_dummy_19,2025-11-01,348.87,499.46
9.25,lvl3_dummy_5,lvl4_dummy_19,2025-12-01,353.32,499.83
9.25,lvl3_dummy_5,lvl4_dummy_20,2025-10-01,1148.1,1286.95
9.25,lvl3_dummy_5,lvl4_dummy_20,2025-11-01,1147.39,1286.95
9.25,lvl3_dummy_5,lvl4_dummy_20,2025-12-01,1158.03,1286.84
9.25,lvl3_dummy_5,lvl4_dummy_21,2025-10-01,579.2,535.32
9.25,lvl3_dummy_5,lvl4_dummy_21,2025-11-01,579.2,535.32
9.25,lvl3_dummy_5,lvl4_dummy_21,2025-12-01,579.2,535.11
10.17,lvl3_dummy_5,lvl4_dummy_19,2025-10-01,1414.11,3883.57
10.17,lvl3_dummy_5,lvl4_dummy_19,2025-11-01,1414.11,3883.57
10.17,lvl3_dummy_5,lvl4_dummy_19,2025-12-01,1414.11,3875.47
10.17,lvl3_dummy_5,lvl4_dummy_20,2025-10-01,1061.73,1116.21
10.17,lvl3_dummy_5,lvl4_dummy_20,2025-11-01,994.87,1113.17
10.17,lvl3_dummy_5,lvl4_dummy_20,2025-12-01,3501.48,1031.0
10.17,lvl3_dummy_5,lvl4_dummy_21,2025-10-01,3949.44,1243.99
10.17,lvl3_dummy_5,lvl4_dummy_21,2025-11-01,6019.97,1243.99
10.17,lvl3_dummy_5,lvl4_dummy_21,2025-12-01,5500.17,1244.08
11.1,lvl3_dummy_5,lvl4_dummy_19,2025-10-01,248.71,249.17
11.1,lvl3_dummy_5,lvl4_dummy_19,2025-11-01,248.58,249.17
11.1,lvl3_dummy_5,lvl4_dummy_19,2025-12-01,248.71,249.12
12.02,lvl3_dummy_5,lvl4_dummy_19,2025-10-01,5652.82,638.06
12.02,lvl3_dummy_5,lvl4_dummy_19,2025-11-01,5500.17,638.06
12.02,lvl3_dummy_5,lvl4_dummy_19,2025-12-01,5500.17,638.16
12.02,lvl3_dummy_5,lvl4_dummy_20,2025-10-01,6082.37,1975.96
12.02,lvl3_dummy_5,lvl4_dummy_20,2025-11-01,3460.9,1975.96
12.02,lvl3_dummy_5,lvl4_dummy_20,2025-12-01,3460.9,1976.11
12.02,lvl3_dummy_5,lvl4_dummy_21,2025-10-01,5998.08,1898.43
12.02,lvl3_dummy_5,lvl4_dummy_21,2025-11-01,6519.89,1898.43
12.02,lvl3_dummy_5,lvl4_dummy_21,2025-12-01,6519.89,1895.17
12.95,lvl3_dummy_5,lvl4_dummy_19,2025-10-01,292.61,558.65
12.95,lvl3_dummy_5,lvl4_dummy_19,2025-11-01,296.48,558.65
12.95,lvl3_dummy_5,lvl4_dummy_19,2025-12-01,380.45,558.59
12.95,lvl3_dummy_5,lvl4_dummy_20,2025-10-01,2418.56,2479.88
12.95,lvl3_dummy_5,lvl4_dummy_20,2025-11-01,2392.84,2479.88
12.95,lvl3_dummy_5,lvl4_dummy_20,2025-12-01,2397.95,2470.19
12.95,lvl3_dummy_5,lvl4_dummy_21,2025-10-01,1213.89,1300.75
12.95,lvl3_dummy_5,lvl4_dummy_21,2025-11-01,1227.8,1364.54
12.95,lvl3_dummy_5,lvl4_dummy_21,2025-12-01,1221.05,1364.59
13.87,lvl3_dummy_5,lvl4_dummy_19,2025-10-01,5647.42,1476.49
13.87,lvl3_dummy_5,lvl4_dummy_19,2025-11-01,5500.54,1476.49
13.87,lvl3_dummy_5,lvl4_dummy_19,2025-12-01,5500.54,1476.34
13.87,lvl3_dummy_5,lvl4_dummy_20,2025-10-01,3460.9,2698.28
13.87,lvl3_dummy_5,lvl4_dummy_20,2025-11-01,3460.9,2698.28
13.87,lvl3_dummy_5,lvl4_dummy_20,2025-12-01,3460.9,2664.56
13.87,lvl3_dummy_5,lvl4_dummy_21,2025-10-01,675.32,827.75
13.87,lvl3_dummy_5,lvl4_dummy_21,2025-11-01,681.82,827.75
13.87,lvl3_dummy_5,lvl4_dummy_21,2025-12-01,681.54,827.43
14.8,lvl3_dummy_5,lvl4_dummy_20,2025-10-01,43.07,23.58
14.8,lvl3_dummy_5,lvl4_dummy_20,2025-11-01,44.29,23.58
14.8,lvl3_dummy_5,lvl4_dummy_20,2025-12-01,45.09,23.52
15.72,lvl3_dummy_5,lvl4_dummy_20,2025-10-01,16875.68,16909.96
15.72,lvl3_dummy_5,lvl4_dummy_20,2025-11-01,16834.86,16909.96
15.72,lvl3_dummy_5,lvl4_dummy_20,2025-12-01,16849.28,16910.06
17.57,lvl3_dummy_5,lvl4_dummy_20,2025-10-01,2218.77,3485.01
17.57,lvl3_dummy_5,lvl4_dummy_20,2025-11-01,2218.77,2555.19
17.57,lvl3_dummy_5,lvl4_dummy_20,2025-12-01,2218.77,2054.27
19.42,lvl3_dummy_5,lvl4_dummy_19,2025-10-01,22.15,44.23
19.42,lvl3_dummy_5,lvl4_dummy_19,2025-11-01,26.2,44.23
19.42,lvl3_dummy_5,lvl4_dummy_19,2025-12-01,26.17,44.16
19.42,lvl3_dummy_5,lvl4_dummy_20,2025-10-01,185.67,21136.9
19.42,lvl3_dummy_5,lvl4_dummy_20,2025-11-01,834.04,21136.9
19.42,lvl3_dummy_5,lvl4_dummy_20,2025-12-01,75679.5,21132.54
19.42,lvl3_dummy_5,lvl4_dummy_21,2025-10-01,30.41,27.27
19.42,lvl3_dummy_5,lvl4_dummy_21,2025-11-01,30.38,26.41
19.42,lvl3_dummy_5,lvl4_dummy_21,2025-12-01,30.38,0.0
20.34,lvl3_dummy_5,lvl4_dummy_19,2025-10-01,0.0,9.01
20.34,lvl3_dummy_5,lvl4_dummy_19,2025-11-01,0.25,9.01
20.34,lvl3_dummy_5,lvl4_dummy_19,2025-12-01,0.0,9.02
20.34,lvl3_dummy_5,lvl4_dummy_20,2025-10-01,336.18,388.49
20.34,lvl3_dummy_5,lvl4_dummy_20,2025-11-01,316.78,388.49
20.34,lvl3_dummy_5,lvl4_dummy_20,2025-12-01,435.95,388.65
22.19,lvl3_dummy_5,lvl4_dummy_20,2025-10-01,106.84,182.57
22.19,lvl3_dummy_5,lvl4_dummy_20,2025-11-01,106.84,182.57
22.19,lvl3_dummy_5,lvl4_dummy_20,2025-12-01,106.84,182.66
22.19,lvl3_dummy_5,lvl4_dummy_21,2025-10-01,271.22,320.27
22.19,lvl3_dummy_5,lvl4_dummy_21,2025-11-01,271.22,320.27
22.19,lvl3_dummy_5,lvl4_dummy_21,2025-12-01,271.22,320.25
0.0,lvl3_dummy_6,lvl4_dummy_22,2025-10-01,764.45,4987.4
0.0,lvl3_dummy_6,lvl4_dummy_22,2025-11-01,831.79,4987.4
0.0,lvl3_dummy_6,lvl4_dummy_22,2025-12-01,1799.21,4988.54
0.0,lvl3_dummy_6,lvl4_dummy_23,2025-10-01,702.13,0.0
0.0,lvl3_dummy_6,lvl4_dummy_23,2025-11-01,681.15,0.0
0.0,lvl3_dummy_6,lvl4_dummy_23,2025-12-01,703.11,0.0
0.0,lvl3_dummy_6,lvl4_dummy_24,2025-10-01,2289.19,0.0
0.0,lvl3_dummy_6,lvl4_dummy_24,2025-11-01,1949.17,0.0
0.0,lvl3_dummy_6,lvl4_dummy_24,2025-12-01,3077.97,0.0
0.0,lvl3_dummy_6,lvl4_dummy_25,2025-10-01,1980.6,0.0
0.0,lvl3_dummy_6,lvl4_dummy_25,2025-11-01,2744.58,0.0
0.0,lvl3_dummy_6,lvl4_dummy_25,2025-12-01,2182.82,0.0
0.0,lvl3_dummy_6,lvl4_dummy_26,2025-10-01,265.49,94.55
0.0,lvl3_dummy_6,lvl4_dummy_26,2025-11-01,30.29,94.55
0.0,lvl3_dummy_6,lvl4_dummy_26,2025-12-01,217.57,99.11
0.0,lvl3_dummy_6,lvl4_dummy_27,2025-10-01,308.19,0.0
0.0,lvl3_dummy_6,lvl4_dummy_27,2025-11-01,-113.99,0.0
0.0,lvl3_dummy_6,lvl4_dummy_27,2025-12-01,-39.33,0.0
0.92,lvl3_dummy_6,lvl4_dummy_23,2025-10-01,415.12,475.04
0.92,lvl3_dummy_6,lvl4_dummy_23,2025-11-01,370.26,475.04
0.92,lvl3_dummy_6,lvl4_dummy_23,2025-12-01,-172.65,470.49
0.92,lvl3_dummy_6,lvl4_dummy_24,2025-10-01,1758.4,1285.01
0.92,lvl3_dummy_6,lvl4_dummy_24,2025-11-01,1382.28,1285.01
0.92,lvl3_dummy_6,lvl4_dummy_24,2025-12-01,2085.03,1280.46
0.92,lvl3_dummy_6,lvl4_dummy_25,2025-10-01,1422.95,1124.39
0.92,lvl3_dummy_6,lvl4_dummy_25,2025-11-01,1898.5,1124.39
0.92,lvl3_dummy_6,lvl4_dummy_25,2025-12-01,1746.15,1131.22
0.92,lvl3_dummy_6,lvl4_dummy_26,2025-10-01,20.52,80.88
0.92,lvl3_dummy_6,lvl4_dummy_26,2025-11-01,-7.22,80.88
0.92,lvl3_dummy_6,lvl4_dummy_26,2025-12-01,-482.09,78.6
0.92,lvl3_dummy_6,lvl4_dummy_27,2025-10-01,130.91,356.57
0.92,lvl3_dummy_6,lvl4_dummy_27,2025-11-01,296.93,356.57
0.92,lvl3_dummy_6,lvl4_dummy_27,2025-12-01,357.32,347.45
1.85,lvl3_dummy_6,lvl4_dummy_23,2025-10-01,1684.43,759.84
1.85,lvl3_dummy_6,lvl4_dummy_23,2025-11-01,1773.06,759.84
1.85,lvl3_dummy_6,lvl4_dummy_23,2025-12-01,2009.46,755.29
1.85,lvl3_dummy_6,lvl4_dummy_24,2025-10-01,2251.61,2109.79
1.85,lvl3_dummy_6,lvl4_dummy_24,2025-11-01,2013.02,2109.79
1.85,lvl3_dummy_6,lvl4_dummy_24,2025-12-01,1867.03,2110.93
1.85,lvl3_dummy_6,lvl4_dummy_25,2025-10-01,3542.96,2682.81
1.85,lvl3_dummy_6,lvl4_dummy_25,2025-11-01,2295.41,2682.81
1.85,lvl3_dummy_6,lvl4_dummy_25,2025-12-01,2106.18,2688.5
1.85,lvl3_dummy_6,lvl4_dummy_26,2025-10-01,397.11,284.8
1.85,lvl3_dummy_6,lvl4_dummy_26,2025-11-01,627.78,284.8
1.85,lvl3_dummy_6,lvl4_dummy_26,2025-12-01,141.82,284.8
1.85,lvl3_dummy_6,lvl4_dummy_27,2025-10-01,239.71,541.12
1.85,lvl3_dummy_6,lvl4_dummy_27,2025-11-01,206.0,541.12
1.85,lvl3_dummy_6,lvl4_dummy_27,2025-12-01,486.75,541.12
2.77,lvl3_dummy_6,lvl4_dummy_23,2025-10-01,691.88,0.0
2.77,lvl3_dummy_6,lvl4_dummy_23,2025-11-01,258.93,0.0
2.77,lvl3_dummy_6,lvl4_dummy_23,2025-12-01,379.53,0.0
2.77,lvl3_dummy_6,lvl4_dummy_24,2025-10-01,2470.8,0.0
2.77,lvl3_dummy_6,lvl4_dummy_24,2025-11-01,2279.27,0.0
2.77,lvl3_dummy_6,lvl4_dummy_24,2025-12-01,2314.36,0.0
2.77,lvl3_dummy_6,lvl4_dummy_25,2025-10-01,4135.98,2847.99
2.77,lvl3_dummy_6,lvl4_dummy_25,2025-11-01,5160.94,2847.99
2.77,lvl3_dummy_6,lvl4_dummy_25,2025-12-01,4343.26,2847.99
2.77,lvl3_dummy_6,lvl4_dummy_26,2025-10-01,183.78,0.0
2.77,lvl3_dummy_6,lvl4_dummy_26,2025-11-01,105.79,0.0
2.77,lvl3_dummy_6,lvl4_dummy_26,2025-12-01,-4.56,0.0
2.77,lvl3_dummy_6,lvl4_dummy_27,2025-10-01,846.64,3613.53
2.77,lvl3_dummy_6,lvl4_dummy_27,2025-11-01,1281.28,3613.53
2.77,lvl3_dummy_6,lvl4_dummy_27,2025-12-01,3590.75,3608.97
3.7,lvl3_dummy_6,lvl4_dummy_23,2025-10-01,1573.0,598.08
3.7,lvl3_dummy_6,lvl4_dummy_23,2025-11-01,3467.51,598.08
3.7,lvl3_dummy_6,lvl4_dummy_23,2025-12-01,1868.0,598.08
3.7,lvl3_dummy_6,lvl4_dummy_24,2025-10-01,3846.81,2138.27
3.7,lvl3_dummy_6,lvl4_dummy_24,2025-11-01,1132.06,2138.27
3.7,lvl3_dummy_6,lvl4_dummy_24,2025-12-01,2302.25,2137.13
3.7,lvl3_dummy_6,lvl4_dummy_25,2025-10-01,3007.19,2304.59
3.7,lvl3_dummy_6,lvl4_dummy_25,2025-11-01,2271.83,2304.59
3.7,lvl3_dummy_6,lvl4_dummy_25,2025-12-01,2177.82,2302.32
3.7,lvl3_dummy_6,lvl4_dummy_26,2025-10-01,150.97,151.51
3.7,lvl3_dummy_6,lvl4_dummy_26,2025-11-01,153.89,151.51
3.7,lvl3_dummy_6,lvl4_dummy_26,2025-12-01,-95.14,156.07
3.7,lvl3_dummy_6,lvl4_dummy_27,2025-10-01,228.49,522.89
3.7,lvl3_dummy_6,lvl4_dummy_27,2025-11-01,493.65,522.89
3.7,lvl3_dummy_6,lvl4_dummy_27,2025-12-01,511.91,513.78
4.62,lvl3_dummy_6,lvl4_dummy_23,2025-10-01,286.57,0.0
4.62,lvl3_dummy_6,lvl4_dummy_23,2025-11-01,442.34,0.0
4.62,lvl3_dummy_6,lvl4_dummy_23,2025-12-01,440.95,0.0
4.62,lvl3_dummy_6,lvl4_dummy_24,2025-10-01,365.83,0.0
4.62,lvl3_dummy_6,lvl4_dummy_24,2025-11-01,5.24,0.0
4.62,lvl3_dummy_6,lvl4_dummy_24,2025-12-01,183.16,0.0
4.62,lvl3_dummy_6,lvl4_dummy_25,2025-10-01,2267.08,0.0
4.62,lvl3_dummy_6,lvl4_dummy_25,2025-11-01,2080.17,0.0
4.62,lvl3_dummy_6,lvl4_dummy_25,2025-12-01,2128.89,0.0
4.62,lvl3_dummy_6,lvl4_dummy_26,2025-10-01,44.21,37.59
4.62,lvl3_dummy_6,lvl4_dummy_26,2025-11-01,146.61,37.59
4.62,lvl3_dummy_6,lvl4_dummy_26,2025-12-01,10.79,42.15
4.62,lvl3_dummy_6,lvl4_dummy_27,2025-10-01,-139.07,5216.38
4.62,lvl3_dummy_6,lvl4_dummy_27,2025-11-01,537.16,5216.38
4.62,lvl3_dummy_6,lvl4_dummy_27,2025-12-01,1365.21,5219.8
5.55,lvl3_dummy_6,lvl4_dummy_22,2025-10-01,3303.39,5231.19
5.55,lvl3_dummy_6,lvl4_dummy_22,2025-11-01,4625.23,5231.19
5.55,lvl3_dummy_6,lvl4_dummy_22,2025-12-01,17879.04,5236.89
5.55,lvl3_dummy_6,lvl4_dummy_23,2025-10-01,172.23,47.85
5.55,lvl3_dummy_6,lvl4_dummy_23,2025-11-01,269.54,47.85
5.55,lvl3_dummy_6,lvl4_dummy_23,2025-12-01,-531.11,43.29
5.55,lvl3_dummy_6,lvl4_dummy_25,2025-10-01,604.93,807.69
5.55,lvl3_dummy_6,lvl4_dummy_25,2025-11-01,528.35,807.69
5.55,lvl3_dummy_6,lvl4_dummy_25,2025-12-01,982.52,798.58
5.55,lvl3_dummy_6,lvl4_dummy_26,2025-10-01,-243.01,76.33
5.55,lvl3_dummy_6,lvl4_dummy_26,2025-11-01,-122.89,76.33
5.55,lvl3_dummy_6,lvl4_dummy_26,2025-12-01,-692.73,71.77
6.47,lvl3_dummy_6,lvl4_dummy_22,2025-10-01,7827.58,8164.62
6.47,lvl3_dummy_6,lvl4_dummy_22,2025-11-01,7909.2,8164.62
6.47,lvl3_dummy_6,lvl4_dummy_22,2025-12-01,11740.84,8160.06
6.47,lvl3_dummy_6,lvl4_dummy_23,2025-10-01,8.83,113.92
6.47,lvl3_dummy_6,lvl4_dummy_23,2025-11-01,6.98,113.92
6.47,lvl3_dummy_6,lvl4_dummy_23,2025-12-01,-605.91,113.92
6.47,lvl3_dummy_6,lvl4_dummy_26,2025-10-01,103.25,66.07
6.47,lvl3_dummy_6,lvl4_dummy_26,2025-11-01,182.46,66.07
6.47,lvl3_dummy_6,lvl4_dummy_26,2025-12-01,72.99,70.63
7.4,lvl3_dummy_6,lvl4_dummy_23,2025-10-01,1085.38,647.06
7.4,lvl3_dummy_6,lvl4_dummy_23,2025-11-01,641.78,647.06
7.4,lvl3_dummy_6,lvl4_dummy_23,2025-12-01,961.06,645.92
7.4,lvl3_dummy_6,lvl4_dummy_24,2025-10-01,233.53,0.0
7.4,lvl3_dummy_6,lvl4_dummy_24,2025-11-01,-156.01,0.0
7.4,lvl3_dummy_6,lvl4_dummy_24,2025-12-01,-625.96,0.0
7.4,lvl3_dummy_6,lvl4_dummy_25,2025-10-01,4268.8,4651.34
7.4,lvl3_dummy_6,lvl4_dummy_25,2025-11-01,4418.44,4651.34
7.4,lvl3_dummy_6,lvl4_dummy_25,2025-12-01,8020.27,4655.9
7.4,lvl3_dummy_6,lvl4_dummy_28,2025-10-01,4385.14,1983.34
7.4,lvl3_dummy_6,lvl4_dummy_28,2025-11-01,3321.76,1983.34
7.4,lvl3_dummy_6,lvl4_dummy_28,2025-12-01,5675.15,1982.2
7.4,lvl3_dummy_6,lvl4_dummy_27,2025-10-01,400.13,142.4
7.4,lvl3_dummy_6,lvl4_dummy_27,2025-11-01,155.11,142.4
7.4,lvl3_dummy_6,lvl4_dummy_27,2025-12-01,-234.23,142.4
8.32,lvl3_dummy_6,lvl4_dummy_22,2025-10-01,2036.61,4747.03
8.32,lvl3_dummy_6,lvl4_dummy_22,2025-11-01,1674.46,4747.03
8.32,lvl3_dummy_6,lvl4_dummy_22,2025-12-01,6315.29,4742.47
8.32,lvl3_dummy_6,lvl4_dummy_23,2025-10-01,247.66,47.85
8.32,lvl3_dummy_6,lvl4_dummy_23,2025-11-01,334.91,47.85
8.32,lvl3_dummy_6,lvl4_dummy_23,2025-12-01,1022.29,43.29
8.32,lvl3_dummy_6,lvl4_dummy_26,2025-10-01,175.56,61.52
8.32,lvl3_dummy_6,lvl4_dummy_26,2025-11-01,133.21,61.52
8.32,lvl3_dummy_6,lvl4_dummy_26,2025-12-01,191.2,63.79
9.25,lvl3_dummy_6,lvl4_dummy_22,2025-10-01,405.41,759.84
9.25,lvl3_dummy_6,lvl4_dummy_22,2025-11-01,1206.32,759.84
9.25,lvl3_dummy_6,lvl4_dummy_22,2025-12-01,2223.93,755.29
9.25,lvl3_dummy_6,lvl4_dummy_23,2025-10-01,1839.03,948.95
9.25,lvl3_dummy_6,lvl4_dummy_23,2025-11-01,2158.27,948.95
9.25,lvl3_dummy_6,lvl4_dummy_23,2025-12-01,1900.15,953.51
9.25,lvl3_dummy_6,lvl4_dummy_24,2025-10-01,2519.0,2705.59
9.25,lvl3_dummy_6,lvl4_dummy_24,2025-11-01,2073.79,2705.59
9.25,lvl3_dummy_6,lvl4_dummy_24,2025-12-01,2110.14,2705.59
9.25,lvl3_dummy_6,lvl4_dummy_25,2025-10-01,1402.66,2330.8
9.25,lvl3_dummy_6,lvl4_dummy_25,2025-11-01,2155.96,2330.8
9.25,lvl3_dummy_6,lvl4_dummy_25,2025-12-01,2053.33,2329.66
9.25,lvl3_dummy_6,lvl4_dummy_26,2025-10-01,66.0,214.17
9.25,lvl3_dummy_6,lvl4_dummy_26,2025-11-01,181.19,214.17
9.25,lvl3_dummy_6,lvl4_dummy_26,2025-12-01,93.35,207.33
9.25,lvl3_dummy_6,lvl4_dummy_27,2025-10-01,449.94,407.83
9.25,lvl3_dummy_6,lvl4_dummy_27,2025-11-01,355.78,407.83
9.25,lvl3_dummy_6,lvl4_dummy_27,2025-12-01,678.63,412.39
10.17,lvl3_dummy_6,lvl4_dummy_22,2025-10-01,3042.18,475.04
10.17,lvl3_dummy_6,lvl4_dummy_22,2025-11-01,3227.04,475.04
10.17,lvl3_dummy_6,lvl4_dummy_22,2025-12-01,5405.82,470.49
10.17,lvl3_dummy_6,lvl4_dummy_23,2025-10-01,1887.92,948.95
10.17,lvl3_dummy_6,lvl4_dummy_23,2025-11-01,1809.22,948.95
10.17,lvl3_dummy_6,lvl4_dummy_23,2025-12-01,2770.45,953.51
10.17,lvl3_dummy_6,lvl4_dummy_24,2025-10-01,4899.81,5334.86
10.17,lvl3_dummy_6,lvl4_dummy_24,2025-11-01,4886.09,5334.86
10.17,lvl3_dummy_6,lvl4_dummy_24,2025-12-01,4551.33,5339.41
10.17,lvl3_dummy_6,lvl4_dummy_25,2025-10-01,6001.39,7053.9
10.17,lvl3_dummy_6,lvl4_dummy_25,2025-11-01,6513.0,7053.9
10.17,lvl3_dummy_6,lvl4_dummy_25,2025-12-01,6706.91,7052.76
10.17,lvl3_dummy_6,lvl4_dummy_26,2025-10-01,316.35,236.95
10.17,lvl3_dummy_6,lvl4_dummy_26,2025-11-01,-62.08,236.95
10.17,lvl3_dummy_6,lvl4_dummy_26,2025-12-01,342.37,241.51
10.17,lvl3_dummy_6,lvl4_dummy_27,2025-10-01,1030.42,722.25
10.17,lvl3_dummy_6,lvl4_dummy_27,2025-11-01,966.5,722.25
10.17,lvl3_dummy_6,lvl4_dummy_27,2025-12-01,1626.02,718.83
12.02,lvl3_dummy_6,lvl4_dummy_23,2025-10-01,2185.1,856.68
12.02,lvl3_dummy_6,lvl4_dummy_23,2025-11-01,2108.97,856.68
12.02,lvl3_dummy_6,lvl4_dummy_23,2025-12-01,3345.44,846.42
12.02,lvl3_dummy_6,lvl4_dummy_24,2025-10-01,4106.17,3733.15
12.02,lvl3_dummy_6,lvl4_dummy_24,2025-11-01,4239.89,3733.15
12.02,lvl3_dummy_6,lvl4_dummy_24,2025-12-01,3175.12,3728.59
12.02,lvl3_dummy_6,lvl4_dummy_25,2025-10-01,7822.15,6262.16
12.02,lvl3_dummy_6,lvl4_dummy_25,2025-11-01,7627.79,6262.16
12.02,lvl3_dummy_6,lvl4_dummy_25,2025-12-01,10616.64,6263.3
12.02,lvl3_dummy_6,lvl4_dummy_26,2025-10-01,275.55,236.95
12.02,lvl3_dummy_6,lvl4_dummy_26,2025-11-01,144.02,236.95
12.02,lvl3_dummy_6,lvl4_dummy_26,2025-12-01,198.03,241.51
12.02,lvl3_dummy_6,lvl4_dummy_28,2025-10-01,4869.9,3878.96
12.02,lvl3_dummy_6,lvl4_dummy_28,2025-11-01,5164.17,3878.96
12.02,lvl3_dummy_6,lvl4_dummy_28,2025-12-01,4380.74,3878.96
12.02,lvl3_dummy_6,lvl4_dummy_27,2025-10-01,381.47,518.33
12.02,lvl3_dummy_6,lvl4_dummy_27,2025-11-01,413.38,518.33
12.02,lvl3_dummy_6,lvl4_dummy_27,2025-12-01,1029.61,517.2
12.95,lvl3_dummy_6,lvl4_dummy_22,2025-10-01,3849.86,17372.74
12.95,lvl3_dummy_6,lvl4_dummy_22,2025-11-01,7796.17,17372.74
12.95,lvl3_dummy_6,lvl4_dummy_22,2025-12-01,141952.26,17372.74
12.95,lvl3_dummy_6,lvl4_dummy_23,2025-10-01,248.49,190.25
12.95,lvl3_dummy_6,lvl4_dummy_23,2025-11-01,272.6,190.25
12.95,lvl3_dummy_6,lvl4_dummy_23,2025-12-01,305.24,185.69
12.95,lvl3_dummy_6,lvl4_dummy_25,2025-10-01,253.15,19.37
12.95,lvl3_dummy_6,lvl4_dummy_25,2025-11-01,138.66,19.37
12.95,lvl3_dummy_6,lvl4_dummy_25,2025-12-01,384.23,14.81
12.95,lvl3_dummy_6,lvl4_dummy_26,2025-10-01,-93.13,236.95
12.95,lvl3_dummy_6,lvl4_dummy_26,2025-11-01,97.66,236.95
12.95,lvl3_dummy_6,lvl4_dummy_26,2025-12-01,317.78,241.51
13.87,lvl3_dummy_6,lvl4_dummy_23,2025-10-01,2590.45,1899.04
13.87,lvl3_dummy_6,lvl4_dummy_23,2025-11-01,2407.84,1899.04
13.87,lvl3_dummy_6,lvl4_dummy_23,2025-12-01,3955.38,1894.48
13.87,lvl3_dummy_6,lvl4_dummy_24,2025-10-01,3881.4,5220.94
13.87,lvl3_dummy_6,lvl4_dummy_24,2025-11-01,4607.86,5220.94
13.87,lvl3_dummy_6,lvl4_dummy_24,2025-12-01,3829.84,5225.49
13.87,lvl3_dummy_6,lvl4_dummy_25,2025-10-01,5849.91,4752.73
13.87,lvl3_dummy_6,lvl4_dummy_25,2025-11-01,5203.94,4752.73
13.87,lvl3_dummy_6,lvl4_dummy_25,2025-12-01,6737.41,4756.14
13.87,lvl3_dummy_6,lvl4_dummy_26,2025-10-01,418.18,284.8
13.87,lvl3_dummy_6,lvl4_dummy_26,2025-11-01,124.43,284.8
13.87,lvl3_dummy_6,lvl4_dummy_26,2025-12-01,303.76,284.8
13.87,lvl3_dummy_6,lvl4_dummy_27,2025-10-01,1215.22,854.4
13.87,lvl3_dummy_6,lvl4_dummy_27,2025-11-01,902.3,854.4
13.87,lvl3_dummy_6,lvl4_dummy_27,2025-12-01,2133.52,854.4
15.72,lvl3_dummy_6,lvl4_dummy_23,2025-10-01,1153.62,948.95
15.72,lvl3_dummy_6,lvl4_dummy_23,2025-11-01,1408.66,948.95
15.72,lvl3_dummy_6,lvl4_dummy_23,2025-12-01,-3889.78,953.51
15.72,lvl3_dummy_6,lvl4_dummy_24,2025-10-01,162.85,142.4
15.72,lvl3_dummy_6,lvl4_dummy_24,2025-11-01,91.85,142.4
15.72,lvl3_dummy_6,lvl4_dummy_24,2025-12-01,-0.36,142.4
15.72,lvl3_dummy_6,lvl4_dummy_28,2025-10-01,21563.95,20502.12
15.72,lvl3_dummy_6,lvl4_dummy_28,2025-11-01,22843.23,20502.12
15.72,lvl3_dummy_6,lvl4_dummy_28,2025-12-01,24288.27,20497.56
15.72,lvl3_dummy_6,lvl4_dummy_27,2025-10-01,1074.09,1025.28
15.72,lvl3_dummy_6,lvl4_dummy_27,2025-11-01,1043.4,1025.28
15.72,lvl3_dummy_6,lvl4_dummy_27,2025-12-01,1882.81,1025.28
20.34,lvl3_dummy_6,lvl4_dummy_22,2025-10-01,4678.91,4462.23
20.34,lvl3_dummy_6,lvl4_dummy_22,2025-11-01,4540.49,4462.23
20.34,lvl3_dummy_6,lvl4_dummy_22,2025-12-01,7192.96,4457.68
20.34,lvl3_dummy_6,lvl4_dummy_23,2025-10-01,-175.51,47.85
20.34,lvl3_dummy_6,lvl4_dummy_23,2025-11-01,-1401.41,47.85
20.34,lvl3_dummy_6,lvl4_dummy_23,2025-12-01,354.29,43.29
20.34,lvl3_dummy_6,lvl4_dummy_24,2025-10-01,-696.31,160.63
20.34,lvl3_dummy_6,lvl4_dummy_24,2025-11-01,-3198.74,160.63
20.34,lvl3_dummy_6,lvl4_dummy_24,2025-12-01,4278.7,166.32
20.34,lvl3_dummy_6,lvl4_dummy_25,2025-10-01,459.86,451.12
20.34,lvl3_dummy_6,lvl4_dummy_25,2025-11-01,-788.7,451.12
20.34,lvl3_dummy_6,lvl4_dummy_25,2025-12-01,1604.13,448.84
22.19,lvl3_dummy_6,lvl4_dummy_22,2025-10-01,-282.96,0.0
22.19,lvl3_dummy_6,lvl4_dummy_22,2025-11-01,913.62,0.0
22.19,lvl3_dummy_6,lvl4_dummy_22,2025-12-01,3136.71,0.0
22.19,lvl3_dummy_6,lvl4_dummy_23,2025-10-01,324.12,47.85
22.19,lvl3_dummy_6,lvl4_dummy_23,2025-11-01,-1200.06,47.85
22.19,lvl3_dummy_6,lvl4_dummy_23,2025-12-01,1011.6,43.29
22.19,lvl3_dummy_6,lvl4_dummy_24,2025-10-01,59.32,1071.98
22.19,lvl3_dummy_6,lvl4_dummy_24,2025-11-01,-1698.84,1071.98
22.19,lvl3_dummy_6,lvl4_dummy_24,2025-12-01,3026.85,1081.1
22.19,lvl3_dummy_6,lvl4_dummy_25,2025-10-01,2233.19,2278.39
22.19,lvl3_dummy_6,lvl4_dummy_25,2025-11-01,1489.51,2278.39
22.19,lvl3_dummy_6,lvl4_dummy_25,2025-12-01,3317.42,2278.39
22.19,lvl3_dummy_6,lvl4_dummy_27,2025-10-01,55.75,208.47
22.19,lvl3_dummy_6,lvl4_dummy_27,2025-11-01,-1979.52,208.47
22.19,lvl3_dummy_6,lvl4_dummy_27,2025-12-01,2856.02,213.03
0.0,lvl3_dummy_7,lvl4_dummy_29,2025-10-01,1324.47,852.12
0.0,lvl3_dummy_7,lvl4_dummy_29,2025-11-01,1326.95,852.12
0.0,lvl3_dummy_7,lvl4_dummy_29,2025-12-01,2196.43,845.28
0.0,lvl3_dummy_7,lvl4_dummy_30,2025-10-01,0.0,66.07
0.0,lvl3_dummy_7,lvl4_dummy_30,2025-11-01,-36.64,66.07
0.0,lvl3_dummy_7,lvl4_dummy_30,2025-12-01,-36.64,70.63
0.0,lvl3_dummy_7,lvl4_dummy_31,2025-10-01,-2166.32,3151.02
0.0,lvl3_dummy_7,lvl4_dummy_31,2025-11-01,3380.35,3151.02
0.0,lvl3_dummy_7,lvl4_dummy_31,2025-12-01,2986.22,3160.13
0.0,lvl3_dummy_7,lvl4_dummy_32,2025-10-01,1033.35,967.18
0.0,lvl3_dummy_7,lvl4_dummy_32,2025-11-01,1050.63,967.18
0.0,lvl3_dummy_7,lvl4_dummy_32,2025-12-01,2321.5,958.06
0.92,lvl3_dummy_7,lvl4_dummy_29,2025-10-01,1.77,301.89
0.92,lvl3_dummy_7,lvl4_dummy_29,2025-11-01,37.4,301.89
0.92,lvl3_dummy_7,lvl4_dummy_29,2025-12-01,604.98,301.89
0.92,lvl3_dummy_7,lvl4_dummy_30,2025-10-01,35.27,28.48
0.92,lvl3_dummy_7,lvl4_dummy_30,2025-11-01,35.32,28.48
0.92,lvl3_dummy_7,lvl4_dummy_30,2025-12-01,319.75,28.48
0.92,lvl3_dummy_7,lvl4_dummy_31,2025-10-01,1186.56,308.72
0.92,lvl3_dummy_7,lvl4_dummy_31,2025-11-01,2548.14,308.72
0.92,lvl3_dummy_7,lvl4_dummy_31,2025-12-01,3708.2,306.44
0.92,lvl3_dummy_7,lvl4_dummy_32,2025-10-01,39.16,323.53
0.92,lvl3_dummy_7,lvl4_dummy_32,2025-11-01,104.33,323.53
0.92,lvl3_dummy_7,lvl4_dummy_32,2025-12-01,106.86,314.42
1.85,lvl3_dummy_7,lvl4_dummy_29,2025-10-01,2509.9,612.89
1.85,lvl3_dummy_7,lvl4_dummy_29,2025-11-01,2214.82,612.89
1.85,lvl3_dummy_7,lvl4_dummy_29,2025-12-01,451.26,606.05
1.85,lvl3_dummy_7,lvl4_dummy_30,2025-10-01,960.37,95.69
1.85,lvl3_dummy_7,lvl4_dummy_30,2025-11-01,154.05,95.69
1.85,lvl3_dummy_7,lvl4_dummy_30,2025-12-01,0.0,86.58
1.85,lvl3_dummy_7,lvl4_dummy_31,2025-10-01,7143.42,1993.59
1.85,lvl3_dummy_7,lvl4_dummy_31,2025-11-01,8398.81,1993.59
1.85,lvl3_dummy_7,lvl4_dummy_31,2025-12-01,2251.86,1993.59
1.85,lvl3_dummy_7,lvl4_dummy_32,2025-10-01,1974.46,755.29
1.85,lvl3_dummy_7,lvl4_dummy_32,2025-11-01,1952.53,755.29
1.85,lvl3_dummy_7,lvl4_dummy_32,2025-12-01,1959.67,748.45
2.77,lvl3_dummy_7,lvl4_dummy_29,2025-10-01,388.75,886.29
2.77,lvl3_dummy_7,lvl4_dummy_29,2025-11-01,708.04,886.29
2.77,lvl3_dummy_7,lvl4_dummy_29,2025-12-01,2748.62,868.07
2.77,lvl3_dummy_7,lvl4_dummy_30,2025-10-01,-36.55,95.69
2.77,lvl3_dummy_7,lvl4_dummy_30,2025-11-01,265.93,95.69
2.77,lvl3_dummy_7,lvl4_dummy_30,2025-12-01,66.43,86.58
2.77,lvl3_dummy_7,lvl4_dummy_31,2025-10-01,931.46,3084.94
2.77,lvl3_dummy_7,lvl4_dummy_31,2025-11-01,4280.61,3084.94
2.77,lvl3_dummy_7,lvl4_dummy_31,2025-12-01,4857.76,3089.5
2.77,lvl3_dummy_7,lvl4_dummy_32,2025-10-01,1881.73,1298.68
2.77,lvl3_dummy_7,lvl4_dummy_32,2025-11-01,1257.91,1298.68
2.77,lvl3_dummy_7,lvl4_dummy_32,2025-12-01,2336.76,1287.29
3.7,lvl3_dummy_7,lvl4_dummy_29,2025-10-01,535.39,487.58
3.7,lvl3_dummy_7,lvl4_dummy_29,2025-11-01,538.49,487.58
3.7,lvl3_dummy_7,lvl4_dummy_29,2025-12-01,548.22,492.13
3.7,lvl3_dummy_7,lvl4_dummy_30,2025-10-01,93.81,76.33
3.7,lvl3_dummy_7,lvl4_dummy_30,2025-11-01,-19.04,76.33
3.7,lvl3_dummy_7,lvl4_dummy_30,2025-12-01,16.9,71.77
3.7,lvl3_dummy_7,lvl4_dummy_31,2025-10-01,-2166.32,5804.21
3.7,lvl3_dummy_7,lvl4_dummy_31,2025-11-01,7677.68,5804.21
3.7,lvl3_dummy_7,lvl4_dummy_31,2025-12-01,1583.37,5800.79
3.7,lvl3_dummy_7,lvl4_dummy_32,2025-10-01,-2319.26,1707.66
3.7,lvl3_dummy_7,lvl4_dummy_32,2025-11-01,2808.35,1707.66
3.7,lvl3_dummy_7,lvl4_dummy_32,2025-12-01,7997.77,1721.33
4.62,lvl3_dummy_7,lvl4_dummy_29,2025-10-01,1699.1,685.8
4.62,lvl3_dummy_7,lvl4_dummy_29,2025-11-01,2210.9,685.8
4.62,lvl3_dummy_7,lvl4_dummy_29,2025-12-01,1176.57,681.24
4.62,lvl3_dummy_7,lvl4_dummy_30,2025-10-01,-35.35,85.44
4.62,lvl3_dummy_7,lvl4_dummy_30,2025-11-01,20.14,85.44
4.62,lvl3_dummy_7,lvl4_dummy_30,2025-12-01,45.75,85.44
4.62,lvl3_dummy_7,lvl4_dummy_31,2025-10-01,1804.82,2539.27
4.62,lvl3_dummy_7,lvl4_dummy_31,2025-11-01,1808.16,2539.27
4.62,lvl3_dummy_7,lvl4_dummy_31,2025-12-01,2986.22,2541.55
4.62,lvl3_dummy_7,lvl4_dummy_32,2025-10-01,889.76,314.42
4.62,lvl3_dummy_7,lvl4_dummy_32,2025-11-01,127.68,314.42
4.62,lvl3_dummy_7,lvl4_dummy_32,2025-12-01,889.76,323.53
5.55,lvl3_dummy_7,lvl4_dummy_29,2025-10-01,519.93,389.61
5.55,lvl3_dummy_7,lvl4_dummy_29,2025-11-01,2810.19,389.61
5.55,lvl3_dummy_7,lvl4_dummy_29,2025-12-01,5234.95,385.05
5.55,lvl3_dummy_7,lvl4_dummy_30,2025-10-01,5.74,56.96
5.55,lvl3_dummy_7,lvl4_dummy_30,2025-11-01,5.74,56.96
5.55,lvl3_dummy_7,lvl4_dummy_30,2025-12-01,322.92,56.96
5.55,lvl3_dummy_7,lvl4_dummy_31,2025-10-01,2138.2,1405.77
5.55,lvl3_dummy_7,lvl4_dummy_31,2025-11-01,2520.97,1405.77
5.55,lvl3_dummy_7,lvl4_dummy_31,2025-12-01,1271.23,1396.65
5.55,lvl3_dummy_7,lvl4_dummy_32,2025-10-01,3537.1,1254.26
5.55,lvl3_dummy_7,lvl4_dummy_32,2025-11-01,565.18,1254.26
5.55,lvl3_dummy_7,lvl4_dummy_32,2025-12-01,6902.21,1240.58
6.47,lvl3_dummy_7,lvl4_dummy_29,2025-10-01,1616.02,717.69
6.47,lvl3_dummy_7,lvl4_dummy_29,2025-11-01,7143.42,717.69
6.47,lvl3_dummy_7,lvl4_dummy_29,2025-12-01,1463.43,706.3
6.47,lvl3_dummy_7,lvl4_dummy_30,2025-10-01,-46.29,71.77
6.47,lvl3_dummy_7,lvl4_dummy_30,2025-11-01,38.85,71.77
6.47,lvl3_dummy_7,lvl4_dummy_30,2025-12-01,93.3,64.93
6.47,lvl3_dummy_7,lvl4_dummy_31,2025-10-01,2239.97,3246.71
6.47,lvl3_dummy_7,lvl4_dummy_31,2025-11-01,5212.73,3246.71
6.47,lvl3_dummy_7,lvl4_dummy_31,2025-12-01,5215.22,3246.71
6.47,lvl3_dummy_7,lvl4_dummy_32,2025-10-01,1138.5,295.05
6.47,lvl3_dummy_7,lvl4_dummy_32,2025-11-01,60.35,295.05
6.47,lvl3_dummy_7,lvl4_dummy_32,2025-12-01,1709.85,314.42
7.4,lvl3_dummy_7,lvl4_dummy_29,2025-10-01,1.77,379.35
7.4,lvl3_dummy_7,lvl4_dummy_29,2025-11-01,1.77,379.35
7.4,lvl3_dummy_7,lvl4_dummy_29,2025-12-01,2810.19,383.91
7.4,lvl3_dummy_7,lvl4_dummy_31,2025-10-01,91.2,190.25
7.4,lvl3_dummy_7,lvl4_dummy_31,2025-11-01,212.65,190.25
7.4,lvl3_dummy_7,lvl4_dummy_31,2025-12-01,212.65,185.69
7.4,lvl3_dummy_7,lvl4_dummy_32,2025-10-01,209.33,284.8
7.4,lvl3_dummy_7,lvl4_dummy_32,2025-11-01,349.22,284.8
7.4,lvl3_dummy_7,lvl4_dummy_32,2025-12-01,351.92,284.8
8.32,lvl3_dummy_7,lvl4_dummy_29,2025-10-01,267.33,285.94
8.32,lvl3_dummy_7,lvl4_dummy_29,2025-11-01,267.33,285.94
8.32,lvl3_dummy_7,lvl4_dummy_29,2025-12-01,604.98,272.27
8.32,lvl3_dummy_7,lvl4_dummy_30,2025-10-01,25.25,95.69
8.32,lvl3_dummy_7,lvl4_dummy_30,2025-11-01,25.25,95.69
8.32,lvl3_dummy_7,lvl4_dummy_30,2025-12-01,-36.53,86.58
8.32,lvl3_dummy_7,lvl4_dummy_31,2025-10-01,2518.17,1719.05
8.32,lvl3_dummy_7,lvl4_dummy_31,2025-11-01,2117.72,1719.05
8.32,lvl3_dummy_7,lvl4_dummy_31,2025-12-01,1681.2,1709.93
8.32,lvl3_dummy_7,lvl4_dummy_32,2025-10-01,489.68,305.3
8.32,lvl3_dummy_7,lvl4_dummy_32,2025-11-01,850.52,305.3
8.32,lvl3_dummy_7,lvl4_dummy_32,2025-12-01,350.36,287.08
9.25,lvl3_dummy_7,lvl4_dummy_29,2025-10-01,3314.92,385.05
9.25,lvl3_dummy_7,lvl4_dummy_29,2025-11-01,-722.41,385.05
9.25,lvl3_dummy_7,lvl4_dummy_29,2025-12-01,21114.84,372.52
9.25,lvl3_dummy_7,lvl4_dummy_30,2025-10-01,52.82,67.21
9.25,lvl3_dummy_7,lvl4_dummy_30,2025-11-01,0.0,67.21
9.25,lvl3_dummy_7,lvl4_dummy_30,2025-12-01,0.0,58.1
9.25,lvl3_dummy_7,lvl4_dummy_31,2025-10-01,9071.88,3711.5
9.25,lvl3_dummy_7,lvl4_dummy_31,2025-11-01,2260.28,3711.5
9.25,lvl3_dummy_7,lvl4_dummy_31,2025-12-01,4074.95,3716.06
9.25,lvl3_dummy_7,lvl4_dummy_32,2025-10-01,8398.81,2327.38
9.25,lvl3_dummy_7,lvl4_dummy_32,2025-11-01,3798.65,2327.38
9.25,lvl3_dummy_7,lvl4_dummy_32,2025-12-01,2321.5,2328.52
10.17,lvl3_dummy_7,lvl4_dummy_29,2025-10-01,-2832.18,1256.53
10.17,lvl3_dummy_7,lvl4_dummy_29,2025-11-01,2455.31,1256.53
10.17,lvl3_dummy_7,lvl4_dummy_29,2025-12-01,1182.4,1238.31
10.17,lvl3_dummy_7,lvl4_dummy_30,2025-10-01,212.65,95.69
10.17,lvl3_dummy_7,lvl4_dummy_30,2025-11-01,1370.64,95.69
10.17,lvl3_dummy_7,lvl4_dummy_30,2025-12-01,732.86,86.58
10.17,lvl3_dummy_7,lvl4_dummy_31,2025-10-01,4126.54,6046.85
10.17,lvl3_dummy_7,lvl4_dummy_31,2025-11-01,7106.47,6046.85
10.17,lvl3_dummy_7,lvl4_dummy_31,2025-12-01,6088.89,6051.41
10.17,lvl3_dummy_7,lvl4_dummy_32,2025-10-01,1626.18,791.74
10.17,lvl3_dummy_7,lvl4_dummy_32,2025-11-01,624.37,791.74
10.17,lvl3_dummy_7,lvl4_dummy_32,2025-12-01,1135.83,803.13
12.02,lvl3_dummy_7,lvl4_dummy_29,2025-10-01,4948.68,1516.27
12.02,lvl3_dummy_7,lvl4_dummy_29,2025-11-01,1704.58,1516.27
12.02,lvl3_dummy_7,lvl4_dummy_29,2025-12-01,4857.76,1513.99
12.02,lvl3_dummy_7,lvl4_dummy_30,2025-10-01,305.49,95.69
12.02,lvl3_dummy_7,lvl4_dummy_30,2025-11-01,604.98,95.69
12.02,lvl3_dummy_7,lvl4_dummy_30,2025-12-01,-7.04,86.58
12.02,lvl3_dummy_7,lvl4_dummy_31,2025-10-01,7099.92,4328.95
12.02,lvl3_dummy_7,lvl4_dummy_31,2025-11-01,4820.66,4328.95
12.02,lvl3_dummy_7,lvl4_dummy_31,2025-12-01,4820.66,4328.95
12.02,lvl3_dummy_7,lvl4_dummy_32,2025-10-01,-3457.66,1044.64
12.02,lvl3_dummy_7,lvl4_dummy_32,2025-11-01,19054.29,1044.64
12.02,lvl3_dummy_7,lvl4_dummy_32,2025-12-01,-3374.45,1040.09
12.95,lvl3_dummy_7,lvl4_dummy_29,2025-10-01,1906.24,1899.04
12.95,lvl3_dummy_7,lvl4_dummy_29,2025-11-01,1906.24,1899.04
12.95,lvl3_dummy_7,lvl4_dummy_29,2025-12-01,1463.43,1883.09
12.95,lvl3_dummy_7,lvl4_dummy_30,2025-10-01,960.37,142.4
12.95,lvl3_dummy_7,lvl4_dummy_30,2025-11-01,278.67,142.4
12.95,lvl3_dummy_7,lvl4_dummy_30,2025-12-01,604.98,142.4
12.95,lvl3_dummy_7,lvl4_dummy_31,2025-10-01,5123.04,8307.02
12.95,lvl3_dummy_7,lvl4_dummy_31,2025-11-01,5178.24,8307.02
12.95,lvl3_dummy_7,lvl4_dummy_31,2025-12-01,9196.34,8302.46
12.95,lvl3_dummy_7,lvl4_dummy_32,2025-10-01,-3457.66,1042.36
12.95,lvl3_dummy_7,lvl4_dummy_32,2025-11-01,3024.7,1042.36
12.95,lvl3_dummy_7,lvl4_dummy_32,2025-12-01,-2316.58,1065.15
13.87,lvl3_dummy_7,lvl4_dummy_29,2025-10-01,2404.59,887.43
13.87,lvl3_dummy_7,lvl4_dummy_29,2025-11-01,2404.59,887.43
13.87,lvl3_dummy_7,lvl4_dummy_29,2025-12-01,1463.43,889.71
13.87,lvl3_dummy_7,lvl4_dummy_30,2025-10-01,604.98,142.4
13.87,lvl3_dummy_7,lvl4_dummy_30,2025-11-01,604.98,142.4
13.87,lvl3_dummy_7,lvl4_dummy_30,2025-12-01,267.33,142.4
13.87,lvl3_dummy_7,lvl4_dummy_31,2025-10-01,4820.66,3798.08
13.87,lvl3_dummy_7,lvl4_dummy_31,2025-11-01,2801.67,3798.08
13.87,lvl3_dummy_7,lvl4_dummy_31,2025-12-01,2296.11,3788.97
13.87,lvl3_dummy_7,lvl4_dummy_32,2025-10-01,4820.66,3035.96
13.87,lvl3_dummy_7,lvl4_dummy_32,2025-11-01,2296.11,3035.96
13.87,lvl3_dummy_7,lvl4_dummy_32,2025-12-01,3019.5,3035.96
14.8,lvl3_dummy_7,lvl4_dummy_29,2025-10-01,731.94,2281.81
14.8,lvl3_dummy_7,lvl4_dummy_29,2025-11-01,168.01,2281.81
14.8,lvl3_dummy_7,lvl4_dummy_29,2025-12-01,2748.62,2286.37
14.8,lvl3_dummy_7,lvl4_dummy_31,2025-10-01,7885.4,9336.85
14.8,lvl3_dummy_7,lvl4_dummy_31,2025-11-01,5209.04,9336.85
14.8,lvl3_dummy_7,lvl4_dummy_31,2025-12-01,1463.43,9336.85
14.8,lvl3_dummy_7,lvl4_dummy_32,2025-10-01,4347.66,6313.43
14.8,lvl3_dummy_7,lvl4_dummy_32,2025-11-01,5017.5,6313.43
14.8,lvl3_dummy_7,lvl4_dummy_32,2025-12-01,8019.42,6308.87
15.72,lvl3_dummy_7,lvl4_dummy_29,2025-10-01,85303.11,75401.13
15.72,lvl3_dummy_7,lvl4_dummy_29,2025-11-01,85303.11,75401.13
15.72,lvl3_dummy_7,lvl4_dummy_29,2025-12-01,130049.87,75394.29
15.72,lvl3_dummy_7,lvl4_dummy_30,2025-10-01,414.13,94.55
15.72,lvl3_dummy_7,lvl4_dummy_30,2025-11-01,645.68,94.55
15.72,lvl3_dummy_7,lvl4_dummy_30,2025-12-01,645.68,99.11
15.72,lvl3_dummy_7,lvl4_dummy_31,2025-10-01,4125.44,4348.31
15.72,lvl3_dummy_7,lvl4_dummy_31,2025-11-01,8428.12,4348.31
15.72,lvl3_dummy_7,lvl4_dummy_31,2025-12-01,1681.2,4343.76
15.72,lvl3_dummy_7,lvl4_dummy_32,2025-10-01,9976.52,8922.19
15.72,lvl3_dummy_7,lvl4_dummy_32,2025-11-01,9976.52,8922.19
15.72,lvl3_dummy_7,lvl4_dummy_32,2025-12-01,9976.52,8940.41
19.42,lvl3_dummy_7,lvl4_dummy_29,2025-10-01,61.07,56.96
19.42,lvl3_dummy_7,lvl4_dummy_29,2025-11-01,-36.53,56.96
19.42,lvl3_dummy_7,lvl4_dummy_29,2025-12-01,-36.74,56.96
20.34,lvl3_dummy_7,lvl4_dummy_29,2025-10-01,2007.14,3774.16
20.34,lvl3_dummy_7,lvl4_dummy_29,2025-11-01,2679.02,3774.16
20.34,lvl3_dummy_7,lvl4_dummy_29,2025-12-01,4857.76,3778.71
20.34,lvl3_dummy_7,lvl4_dummy_30,2025-10-01,0.56,95.69
20.34,lvl3_dummy_7,lvl4_dummy_30,2025-11-01,0.56,95.69
20.34,lvl3_dummy_7,lvl4_dummy_30,2025-12-01,0.64,86.58
20.34,lvl3_dummy_7,lvl4_dummy_31,2025-10-01,425.99,598.08
20.34,lvl3_dummy_7,lvl4_dummy_31,2025-11-01,1326.27,598.08
20.34,lvl3_dummy_7,lvl4_dummy_31,2025-12-01,5165.53,598.08
20.34,lvl3_dummy_7,lvl4_dummy_32,2025-10-01,2402.01,617.44
20.34,lvl3_dummy_7,lvl4_dummy_32,2025-11-01,922.16,617.44
20.34,lvl3_dummy_7,lvl4_dummy_32,2025-12-01,2336.76,612.89
21.27,lvl3_dummy_7,lvl4_dummy_31,2025-10-01,31.72,475.04
21.27,lvl3_dummy_7,lvl4_dummy_31,2025-11-01,1795.26,475.04
21.27,lvl3_dummy_7,lvl4_dummy_31,2025-12-01,1675.42,470.49
21.27,lvl3_dummy_7,lvl4_dummy_32,2025-10-01,7.14,1899.04
21.27,lvl3_dummy_7,lvl4_dummy_32,2025-11-01,3.55,1899.04
21.27,lvl3_dummy_7,lvl4_dummy_32,2025-12-01,1.55,1894.48
22.19,lvl3_dummy_7,lvl4_dummy_29,2025-10-01,3403.77,774.65
22.19,lvl3_dummy_7,lvl4_dummy_29,2025-11-01,8423.46,774.65
22.19,lvl3_dummy_7,lvl4_dummy_29,2025-12-01,1463.43,763.26
22.19,lvl3_dummy_7,lvl4_dummy_30,2025-10-01,106.85,190.25
22.19,lvl3_dummy_7,lvl4_dummy_30,2025-11-01,106.85,190.25
22.19,lvl3_dummy_7,lvl4_dummy_30,2025-12-01,206.15,185.69
22.19,lvl3_dummy_7,lvl4_dummy_31,2025-10-01,2460.19,1851.19
22.19,lvl3_dummy_7,lvl4_dummy_31,2025-11-01,607.57,1851.19
22.19,lvl3_dummy_7,lvl4_dummy_31,2025-12-01,452.96,1851.19
22.19,lvl3_dummy_7,lvl4_dummy_32,2025-10-01,168.99,693.77
22.19,lvl3_dummy_7,lvl4_dummy_32,2025-11-01,476.94,693.77
22.19,lvl3_dummy_7,lvl4_dummy_32,2025-12-01,6902.21,684.66
